,name,mkdocs_theme,mkdocs_plugin,github_id,pypi_id,labels,category,github_url,homepage,license,created_at,updated_at,last_commit_pushed_at,commit_count,recent_commit_count,fork_count,watchers_count,pr_count,open_issue_count,closed_issue_count,star_count,latest_stable_release_published_at,latest_stable_release_number,release_count,description,dependent_project_count,github_dependent_project_count,contributor_count,pypi_url,pypi_monthly_downloads,monthly_downloads,projectrank,show,projectrank_placing,github_release_downloads,markdown_extension,new_addition,trending,updated_github_id,gitlab_id,gitlab_url
0,Material for MkDocs,material,tags,squidfunk/mkdocs-material,mkdocs-material,"['theme', 'plugin']",theming,https://github.com/squidfunk/mkdocs-material,https://github.com/squidfunk/mkdocs-material,MIT,2016-01-28 22:09:23,2022-09-29 15:19:35,2022-09-29 15:17:50,4536.0,160.0,2403.0,106.0,2020.0,9.0,1539.0,11194.0,2022-09-20 11:46:34,8.5.3,100.0,Documentation that simply works.,17058.0,17058.0,164.0,https://pypi.org/project/mkdocs-material,1534147.0,1534147.0,40,True,1,,,,,,,
1,macros,,macros,fralau/mkdocs_macros_plugin,mkdocs-macros-plugin,['plugin'],code-exec-templating,https://github.com/fralau/mkdocs_macros_plugin,https://github.com/fralau/mkdocs_macros_plugin,MIT,2018-06-27 15:24:40,2022-07-22 15:25:30,2022-07-22 15:25:29,188.0,4.0,34.0,5.0,40.0,5.0,76.0,159.0,2020-11-23 19:17:08,0.5.0,3.0,"Create richer and more beautiful pages in MkDocs, by using variables and calls to macros in the markdown code.",1122.0,1122.0,25.0,https://pypi.org/project/mkdocs-macros-plugin,90037.0,90037.0,26,True,1,,,,,,,
2,git-revision-date-localized,,git-revision-date-localized,timvink/mkdocs-git-revision-date-localized-plugin,mkdocs-git-revision-date-localized-plugin,['plugin'],git-info,https://github.com/timvink/mkdocs-git-revision-date-localized-plugin,https://github.com/timvink/mkdocs-git-revision-date-localized-plugin,MIT,2019-11-26 12:11:05,2022-07-14 11:58:59,2022-07-14 11:58:43,254.0,8.0,22.0,4.0,37.0,5.0,57.0,81.0,2022-07-02 11:14:07,1.1.0,36.0,MkDocs plugin to add a last updated date to your site pages.,1885.0,1885.0,20.0,https://pypi.org/project/mkdocs-git-revision-date-localized-plugin,149183.0,149183.0,25,True,1,,,,,,,
3,mike,,mike,jimporter/mike,mike,['plugin'],site-management,https://github.com/jimporter/mike,https://github.com/jimporter/mike,BSD-3-Clause,2017-09-24 08:52:01,2022-08-05 19:05:22,2022-08-05 18:25:58,268.0,3.0,22.0,5.0,14.0,4.0,96.0,241.0,2021-10-04 05:26:35,1.1.2,21.0,Manage multiple versions of your MkDocs-powered documentation via Git.,667.0,667.0,8.0,https://pypi.org/project/mike,60807.0,60809.0,24,True,1,117.0,,,,,,
4,mkdocs-redirects,,redirects,mkdocs/mkdocs-redirects,mkdocs-redirects,['plugin'],links-refs,https://github.com/mkdocs/mkdocs-redirects,https://github.com/mkdocs/mkdocs-redirects,MIT,2019-04-03 10:38:39,2022-09-18 13:54:53,2022-09-18 12:16:03,88.0,25.0,14.0,143.0,25.0,7.0,16.0,80.0,2022-09-18 12:22:52,1.2.0,9.0,Open source plugin for Mkdocs page redirects.,1033.0,1033.0,13.0,https://pypi.org/project/mkdocs-redirects,67064.0,67064.0,24,True,1,,,,,,,
5,mkdocstrings,,mkdocstrings,mkdocstrings/mkdocstrings,mkdocstrings,['plugin'],api-docs,https://github.com/mkdocstrings/mkdocstrings,https://github.com/mkdocstrings/mkdocstrings,ISC,2019-12-09 18:09:09,2022-09-23 18:35:21,2022-09-23 18:35:21,528.0,4.0,79.0,9.0,144.0,51.0,239.0,950.0,2022-05-28 15:57:31,0.19.0,4.0,"Automatic documentation from sources, for MkDocs.",,,31.0,https://pypi.org/project/mkdocstrings,217031.0,217031.0,23,True,1,,,,,,,
6,PyMdown Extensions,,,facelessuser/pymdown-extensions,pymdown-extensions,['markdown'],markdown,https://github.com/facelessuser/pymdown-extensions,https://github.com/facelessuser/pymdown-extensions,,2014-11-21 06:08:04,2022-09-29 15:44:21,2022-09-29 12:53:01,1615.0,7.0,219.0,7.0,1483.0,14.0,287.0,642.0,2022-06-06 14:22:01,9.5,59.0,Extensions for Python Markdown.,,,32.0,https://pypi.org/project/pymdown-extensions,1014922.0,1014922.0,23,True,1,,pymdownx.superfences,,,,,
7,mknotebooks,,mknotebooks,greenape/mknotebooks,mknotebooks,['plugin'],code-exec-templating,https://github.com/greenape/mknotebooks,https://github.com/greenape/mknotebooks,MIT,2018-09-18 08:13:25,2022-09-28 11:21:11,2022-09-28 11:15:16,1675.0,114.0,19.0,2.0,995.0,11.0,25.0,110.0,2021-09-07 13:41:02,0.7.0,14.0,A plugin for mkdocs to help you include Jupyter notebooks in your projects.,227.0,227.0,13.0,https://pypi.org/project/mknotebooks,20025.0,20025.0,23,True,1,,,,,,,
8,monorepo,,monorepo,backstage/mkdocs-monorepo-plugin,mkdocs-monorepo-plugin,['plugin'],site-management,https://github.com/backstage/mkdocs-monorepo-plugin,https://github.com/backstage/mkdocs-monorepo-plugin,Apache-2.0,2019-09-19 18:18:32,2022-09-29 12:09:04,2022-09-29 12:08:21,128.0,10.0,51.0,16.0,44.0,20.0,21.0,206.0,,,,Build multiple documentation folders in a single Mkdocs. Designed for large codebases.,86.0,86.0,26.0,https://pypi.org/project/mkdocs-monorepo-plugin,89803.0,89803.0,22,True,1,,,,,,,
9,mkdocs-with-pdf,,with-pdf,orzih/mkdocs-with-pdf,mkdocs-with-pdf,['plugin'],site-conversion,https://github.com/orzih/mkdocs-with-pdf,https://github.com/orzih/mkdocs-with-pdf,MIT,2020-02-23 16:34:46,2022-08-05 12:17:23,2021-10-14 20:29:54,188.0,,47.0,8.0,41.0,43.0,41.0,175.0,2021-07-03 02:09:02,0.9.3,27.0,Generate a single PDF file from MkDocs repository.,174.0,174.0,6.0,https://pypi.org/project/mkdocs-with-pdf,15754.0,15754.0,22,True,1,,,,,,,
10,pdf-export,,pdf-export,zhaoterryy/mkdocs-pdf-export-plugin,mkdocs-pdf-export-plugin,['plugin'],site-conversion,https://github.com/zhaoterryy/mkdocs-pdf-export-plugin,https://github.com/zhaoterryy/mkdocs-pdf-export-plugin,MIT,2018-02-20 15:06:51,2022-03-11 23:29:09,2021-10-05 01:31:10,72.0,,39.0,17.0,30.0,38.0,45.0,255.0,2020-07-23 01:35:39,0.5.8,5.0,An MkDocs plugin to export content pages as PDF files.,274.0,274.0,11.0,https://pypi.org/project/mkdocs-pdf-export-plugin,15634.0,15634.0,21,True,2,,,,,,,
11,Markdown-Include,,,cmacmackin/markdown-include,markdown-include,['markdown'],snippets-include,https://github.com/cmacmackin/markdown-include,https://github.com/cmacmackin/markdown-include,GPL-3.0,2015-01-09 01:12:35,2022-07-19 19:22:00,2022-07-19 19:21:47,44.0,4.0,33.0,9.0,16.0,9.0,11.0,83.0,2022-07-19 19:22:25,0.7.0,9.0,Provides syntax for Python-Markdown which allows for the inclusion of the contents of other Markdown documents.,1971.0,1971.0,9.0,https://pypi.org/project/markdown-include,49407.0,49407.0,21,True,1,,markdown_include.include,True,,,,
12,awesome-pages,,awesome-pages,lukasgeiter/mkdocs-awesome-pages-plugin,mkdocs-awesome-pages-plugin,['plugin'],nav-pages,https://github.com/lukasgeiter/mkdocs-awesome-pages-plugin,https://github.com/lukasgeiter/mkdocs-awesome-pages-plugin,MIT,2018-02-06 21:09:24,2022-07-24 17:43:46,2022-07-24 17:34:17,72.0,3.0,23.0,7.0,12.0,9.0,44.0,265.0,2022-07-24 17:44:45,2.8.0,21.0,An MkDocs plugin that simplifies configuring page titles and their order.,,,5.0,https://pypi.org/project/mkdocs-awesome-pages-plugin,69012.0,69012.0,20,True,1,,,,,,,
13,Cinder,cinder,,chrissimpkins/cinder,mkdocs-cinder,['theme'],theming,https://github.com/chrissimpkins/cinder,https://github.com/chrissimpkins/cinder,,2015-08-28 03:45:23,2022-06-26 11:08:07,2021-01-05 20:29:39,229.0,,99.0,8.0,58.0,13.0,35.0,162.0,2020-10-26 22:28:56,1.2.0,32.0,"A clean, responsive MkDocs theme.",470.0,470.0,23.0,https://pypi.org/project/mkdocs-cinder,2970.0,2981.0,20,True,1,951.0,,,3.0,,,
14,minify,,minify,byrnereese/mkdocs-minify-plugin,mkdocs-minify-plugin,['plugin'],html-css,https://github.com/byrnereese/mkdocs-minify-plugin,https://github.com/byrnereese/mkdocs-minify-plugin,MIT,2018-12-19 16:35:00,2021-10-18 06:40:36,2021-10-18 06:35:38,25.0,,8.0,9.0,10.0,1.0,7.0,61.0,2021-10-18 06:40:36,0.5.0,2.0,A mkdocs plugin to minify the HTML of a page before it is written to disk.,3014.0,3014.0,6.0,https://pypi.org/project/mkdocs-minify-plugin,146682.0,146682.0,20,True,1,,,,,,,
15,markdownextradata,,markdownextradata,rosscdh/mkdocs-markdownextradata-plugin,mkdocs-markdownextradata-plugin,['plugin'],code-exec-templating,https://github.com/rosscdh/mkdocs-markdownextradata-plugin,https://github.com/rosscdh/mkdocs-markdownextradata-plugin,MIT,2018-05-01 17:18:40,2022-09-13 02:26:48,2021-12-15 20:25:46,73.0,,16.0,3.0,14.0,3.0,25.0,55.0,2021-12-16 09:49:55,0.2.5,8.0,A MkDocs plugin that injects the mkdocs.yml extra variables into the markdown template.,481.0,481.0,10.0,https://pypi.org/project/mkdocs-markdownextradata-plugin,15798.0,15798.0,20,True,2,,,,,,,
16,simple,,simple,athackst/mkdocs-simple-plugin,mkdocs-simple-plugin,['plugin'],site-management,https://github.com/athackst/mkdocs-simple-plugin,https://github.com/athackst/mkdocs-simple-plugin,Apache-2.0,2020-05-03 16:09:24,2022-09-28 18:43:01,2022-09-28 18:40:55,379.0,44.0,9.0,3.0,377.0,,11.0,24.0,2022-04-29 03:57:03,1.1.1,32.0,Build documentation files inside your code into a MkDocs site.,16.0,16.0,8.0,https://pypi.org/project/mkdocs-simple-plugin,4650.0,4650.0,20,True,2,,,,,,,
17,mermaid2,,mermaid2,fralau/mkdocs-mermaid2-plugin,mkdocs-mermaid2-plugin,['plugin'],charts,https://github.com/fralau/mkdocs-mermaid2-plugin,https://github.com/fralau/mkdocs-mermaid2-plugin,MIT,2020-04-15 09:55:54,2022-09-26 02:52:18,2021-12-11 12:24:53,62.0,,16.0,1.0,13.0,4.0,36.0,128.0,2020-04-15 11:08:34,0.1.2,1.0,A Mermaid graphs plugin for mkdocs.,562.0,562.0,10.0,https://pypi.org/project/mkdocs-mermaid2-plugin,66433.0,66433.0,19,True,1,,,,,,,
18,git-authors,,git-authors,timvink/mkdocs-git-authors-plugin,mkdocs-git-authors-plugin,['plugin'],git-info,https://github.com/timvink/mkdocs-git-authors-plugin,https://github.com/timvink/mkdocs-git-authors-plugin,MIT,2019-12-23 10:24:38,2022-04-07 01:11:11,2022-02-02 11:19:26,162.0,,9.0,3.0,22.0,8.0,35.0,23.0,2022-02-02 11:21:52,0.6.4,16.0,MkDocs plugin to display git authors of a page.,168.0,168.0,4.0,https://pypi.org/project/mkdocs-git-authors-plugin,11798.0,11798.0,19,True,2,,,,,,,
19,Bootswatch,cerulean,,mkdocs/mkdocs-bootswatch,mkdocs-bootswatch,['theme'],theming,https://github.com/mkdocs/mkdocs-bootswatch,https://github.com/mkdocs/mkdocs-bootswatch,BSD-2-Clause,2015-05-19 00:19:15,2021-12-22 18:09:16,2020-02-27 00:01:09,68.0,,58.0,5.0,35.0,3.0,30.0,122.0,,,,MkDocs Bootswatch Themes.,844.0,844.0,10.0,https://pypi.org/project/mkdocs-bootswatch,10277.0,10277.0,18,True,1,,,,,,,
20,static-i18n,,i18n,ultrabug/mkdocs-static-i18n,mkdocs-static-i18n,['plugin'],i18n-l10n,https://github.com/ultrabug/mkdocs-static-i18n,https://github.com/ultrabug/mkdocs-static-i18n,MIT,2021-02-07 17:33:36,2022-09-26 13:26:06,2022-09-16 08:15:54,135.0,8.0,20.0,4.0,76.0,2.0,64.0,89.0,,,,MkDocs i18n plugin using static translation markdown files.,237.0,237.0,5.0,https://pypi.org/project/mkdocs-static-i18n,8484.0,8484.0,18,True,1,,,,,,,
21,table-reader,,table-reader,timvink/mkdocs-table-reader-plugin,mkdocs-table-reader-plugin,['plugin'],charts,https://github.com/timvink/mkdocs-table-reader-plugin,https://github.com/timvink/mkdocs-table-reader-plugin,MIT,2020-03-06 09:42:26,2022-09-24 06:29:59,2022-09-24 06:29:59,75.0,5.0,5.0,2.0,10.0,1.0,18.0,50.0,2022-07-13 08:46:39,1.1.0,14.0,MkDocs plugin that adds a {{ read_csv(table.csv) }} markdown tag to directly insert CSV files as a table into a page.,112.0,112.0,4.0,https://pypi.org/project/mkdocs-table-reader-plugin,16993.0,16993.0,18,True,1,,,,,,,
22,print-site,,print-site,timvink/mkdocs-print-site-plugin,mkdocs-print-site-plugin,['plugin'],site-conversion,https://github.com/timvink/mkdocs-print-site-plugin,https://github.com/timvink/mkdocs-print-site-plugin,MIT,2020-08-15 12:02:33,2022-06-01 11:12:08,2022-06-01 11:07:38,215.0,,9.0,3.0,5.0,2.0,67.0,48.0,2022-06-01 11:11:09,2.3.4,39.0,"MkDocs Plugin that adds an additional page that combines all pages, allowing easy exports to PDF and standalone HTML.",105.0,105.0,2.0,https://pypi.org/project/mkdocs-print-site-plugin,4936.0,4936.0,18,True,2,,,,,,,
23,git-revision-date,,git-revision-date,zhaoterryy/mkdocs-git-revision-date-plugin,mkdocs-git-revision-date-plugin,['plugin'],git-info,https://github.com/zhaoterryy/mkdocs-git-revision-date-plugin,https://github.com/zhaoterryy/mkdocs-git-revision-date-plugin,MIT,2018-12-03 04:29:33,2022-03-08 14:43:42,2022-03-08 14:42:57,26.0,,6.0,4.0,8.0,3.0,9.0,44.0,2022-03-08 14:43:59,0.3.2,2.0,MkDocs plugin for setting revision date from git per markdown file.,726.0,726.0,7.0,https://pypi.org/project/mkdocs-git-revision-date-plugin,32548.0,32548.0,18,True,2,,,,,,,
24,mkdocs-simple-hooks,,mkdocs-simple-hooks,aklajnert/mkdocs-simple-hooks,mkdocs-simple-hooks,['plugin'],nav-pages,https://github.com/aklajnert/mkdocs-simple-hooks,https://github.com/aklajnert/mkdocs-simple-hooks,MIT,2020-05-03 07:42:29,2022-09-27 04:39:35,2022-09-27 04:39:32,43.0,5.0,4.0,2.0,19.0,,5.0,44.0,2022-01-07 09:12:15,0.1.5,5.0,"Define your own hooks for mkdocs, without having to create a new package.",587.0,587.0,5.0,https://pypi.org/project/mkdocs-simple-hooks,8663.0,8663.0,18,True,1,18.0,,,,,,
25,mkdocs-multirepo-plugin,,multirepo,jdoiro3/mkdocs-multirepo-plugin,mkdocs-multirepo-plugin,['plugin'],site-management,https://github.com/jdoiro3/mkdocs-multirepo-plugin,https://github.com/jdoiro3/mkdocs-multirepo-plugin,MIT,2021-12-19 01:25:18,2022-09-29 12:56:05,2022-09-13 14:13:20,345.0,22.0,16.0,1.0,21.0,12.0,21.0,41.0,2022-06-22 13:07:06,0.4.0,11.0,Build documentation in multiple repos into one site.,7.0,7.0,6.0,https://pypi.org/project/mkdocs-multirepo-plugin,1327.0,1327.0,18,True,2,,,,,,,
26,include-markdown,,include-markdown,mondeja/mkdocs-include-markdown-plugin,mkdocs-include-markdown-plugin,['plugin'],snippets-include,https://github.com/mondeja/mkdocs-include-markdown-plugin,https://github.com/mondeja/mkdocs-include-markdown-plugin,Apache-2.0,2020-12-04 08:09:34,2022-09-28 18:32:13,2022-09-28 18:24:13,134.0,14.0,8.0,3.0,81.0,,41.0,36.0,2022-09-28 18:37:14,3.9.0,38.0,Mkdocs Markdown includer plugin.,,,10.0,https://pypi.org/project/mkdocs-include-markdown-plugin,39596.0,39597.0,18,True,2,36.0,,,,,,
27,bibtex,,bibtex,shyamd/mkdocs-bibtex,mkdocs-bibtex,['plugin'],other,https://github.com/shyamd/mkdocs-bibtex,https://github.com/shyamd/mkdocs-bibtex,BSD-3-Clause-LBNL,2019-05-29 04:43:44,2022-09-01 14:02:22,2022-08-16 21:59:00,303.0,5.0,10.0,3.0,120.0,4.0,19.0,36.0,2022-08-16 22:00:56,2.8.3,25.0,A MkDocs plugin for citation management using bibtex.,89.0,89.0,8.0,https://pypi.org/project/mkdocs-bibtex,1992.0,1992.0,18,False,1,,,,,,,
28,rss,,rss,Guts/mkdocs-rss-plugin,mkdocs-rss-plugin,['plugin'],blogging,https://github.com/Guts/mkdocs-rss-plugin,https://github.com/Guts/mkdocs-rss-plugin,MIT,2020-07-06 13:48:11,2022-09-06 06:06:45,2022-09-06 06:06:44,466.0,8.0,8.0,2.0,110.0,6.0,17.0,34.0,2022-04-27 12:37:55,1.1.0,8.0,"MkDocs plugin to generate a RSS feeds for created and updated pages, using git log and YAML frontmatter (page.meta).",113.0,113.0,9.0,https://pypi.org/project/mkdocs-rss-plugin,3497.0,3497.0,18,True,1,2.0,,,-1.0,,,
29,MkAutoDoc,,,tomchristie/mkautodoc,mkautodoc,['markdown'],api-docs,https://github.com/tomchristie/mkautodoc,https://github.com/tomchristie/mkautodoc,BSD,2019-10-09 10:40:33,2022-09-26 12:32:12,2022-09-26 12:32:12,27.0,4.0,14.0,6.0,17.0,7.0,10.0,178.0,,,,Auto documentation for MkDocs.,297.0,297.0,7.0,https://pypi.org/project/mkautodoc,8454.0,8454.0,17,False,1,,mkautodoc,,,,,
30,encryptcontent,,encryptcontent,CoinK0in/mkdocs-encryptcontent-plugin,mkdocs-encryptcontent-plugin,['plugin'],nav-pages,https://github.com/CoinK0in/mkdocs-encryptcontent-plugin,https://github.com/CoinK0in/mkdocs-encryptcontent-plugin,MIT,2019-12-15 22:42:26,2022-09-24 09:46:06,2022-09-24 09:32:24,55.0,2.0,9.0,1.0,5.0,1.0,27.0,51.0,2022-09-24 09:46:06,2.3.0,15.0,A MkDocs plugin that encrypt/decrypt markdown content with AES.,102.0,102.0,3.0,https://pypi.org/project/mkdocs-encryptcontent-plugin,1370.0,1370.0,17,True,2,,,,,,,
31,Mdx Truly Sane Lists,,,radude/mdx_truly_sane_lists,mdx_truly_sane_lists,['markdown'],markdown,https://github.com/radude/mdx_truly_sane_lists,https://github.com/radude/mdx_truly_sane_lists,MIT,2018-02-01 18:01:50,2022-08-01 19:58:13,2022-07-19 13:42:01,54.0,13.0,6.0,3.0,4.0,3.0,7.0,46.0,2022-08-01 19:58:13,1.3,4.0,Extension for Python-Markdown that makes lists truly sane. Custom indents for nested lists and fix for messy..,,,4.0,https://pypi.org/project/mdx_truly_sane_lists,91628.0,91628.0,17,True,2,,mdx_truly_sane_lists,,,,,
32,mkdocs-versioning,,mkdocs-versioning,zayd62/mkdocs-versioning,mkdocs-versioning,['plugin'],site-management,https://github.com/zayd62/mkdocs-versioning,https://github.com/zayd62/mkdocs-versioning,MIT,2019-07-20 18:09:56,2021-08-01 15:51:53,2021-08-01 15:51:53,133.0,,7.0,3.0,39.0,3.0,22.0,38.0,2021-02-11 10:24:03,0.4.0,2.0,A tool that allows for versioning sites built with mkdocs.,45.0,45.0,5.0,https://pypi.org/project/mkdocs-versioning,3912.0,3912.0,17,True,2,,,,,,,
33,mkdocs-jupyter,,mkdocs-jupyter,danielfrg/mkdocs-jupyter,mkdocs-jupyter,['plugin'],code-exec-templating,https://github.com/danielfrg/mkdocs-jupyter,https://github.com/danielfrg/mkdocs-jupyter,Apache-2.0,2019-12-18 02:11:34,2022-09-23 17:22:45,2022-09-23 15:38:02,166.0,1.0,26.0,4.0,39.0,15.0,44.0,159.0,,,,Use Jupyter Notebook in mkdocs.,,,14.0,https://pypi.org/project/mkdocs-jupyter,21758.0,21758.0,16,True,2,,,,-1.0,,,
34,MkApi,,mkapi,daizutabi/mkapi,mkapi,['plugin'],api-docs,https://github.com/daizutabi/mkapi,https://github.com/daizutabi/mkapi,MIT,2020-04-19 07:43:40,2022-04-11 21:04:29,2020-12-20 02:40:09,242.0,,18.0,2.0,9.0,28.0,20.0,72.0,2020-12-20 02:28:04,1.0.14,14.0,A documentation generation tool for MkDocs.,81.0,81.0,4.0,https://pypi.org/project/mkapi,1286.0,1286.0,16,True,2,,,,,,,
35,exclude,,exclude,apenwarr/mkdocs-exclude,mkdocs-exclude,['plugin'],nav-pages,https://github.com/apenwarr/mkdocs-exclude,https://github.com/apenwarr/mkdocs-exclude,Apache-2.0,2019-01-07 19:02:19,2022-02-23 16:27:45,2019-02-20 23:33:03,3.0,,7.0,5.0,3.0,7.0,3.0,53.0,,,,A mkdocs plugin that lets you exclude files or trees from your output.,702.0,702.0,,https://pypi.org/project/mkdocs-exclude,75368.0,75368.0,16,True,2,,,,5.0,,,
36,mkdocs-click,,,DataDog/mkdocs-click,mkdocs-click,['markdown'],api-docs,https://github.com/DataDog/mkdocs-click,https://github.com/DataDog/mkdocs-click,Apache-2.0,2020-03-16 14:47:45,2022-08-31 15:37:15,2022-06-19 16:06:53,53.0,,14.0,8.0,38.0,13.0,9.0,42.0,2022-06-19 16:09:56,0.8.0,9.0,An MkDocs extension to generate documentation for Click command line applications.,,,10.0,https://pypi.org/project/mkdocs-click,18665.0,18665.0,16,True,2,,mkdocs-click,,,,,
37,autolinks,,autolinks,midnightprioriem/mkdocs-autolinks-plugin,mkdocs-autolinks-plugin,['plugin'],links-refs,https://github.com/midnightprioriem/mkdocs-autolinks-plugin,https://github.com/midnightprioriem/mkdocs-autolinks-plugin,MIT,2020-01-14 17:57:51,2022-07-13 18:18:49,2022-07-13 18:09:47,23.0,2.0,13.0,3.0,14.0,5.0,9.0,42.0,2022-07-13 18:12:35,_060,6.0,An MkDocs plugin that automagically generates relative links between markdown pages.,177.0,177.0,9.0,https://pypi.org/project/mkdocs-autolinks-plugin,5326.0,5326.0,16,True,1,,,,3.0,,,
38,mkdocs-blogging-plugin,,blogging,liang2kl/mkdocs-blogging-plugin,mkdocs-blogging-plugin,['plugin'],blogging,https://github.com/liang2kl/mkdocs-blogging-plugin,https://github.com/liang2kl/mkdocs-blogging-plugin,MIT,2021-09-07 08:53:20,2022-07-18 09:56:02,2022-07-18 09:54:39,100.0,4.0,7.0,1.0,14.0,,20.0,31.0,2022-07-18 09:56:02,2.1.1,18.0,"A mkdocs plugin that generates a blog page listing selected pages, sorted by time.",31.0,31.0,4.0,https://pypi.org/project/mkdocs-blogging-plugin,1384.0,1384.0,16,True,2,5.0,,,,,,
39,localsearch,,localsearch,wilhelmer/mkdocs-localsearch,mkdocs-localsearch,['plugin'],search-toc,https://github.com/wilhelmer/mkdocs-localsearch,https://github.com/wilhelmer/mkdocs-localsearch,MIT,2019-09-13 07:59:50,2022-07-25 15:00:07,2022-07-25 14:57:07,57.0,1.0,7.0,4.0,6.0,,14.0,23.0,2022-07-25 15:00:08,0.9.2,9.0,A MkDocs plugin to make the native search plugin work locally (file:// protocol).,35.0,35.0,4.0,https://pypi.org/project/mkdocs-localsearch,4069.0,4069.0,16,True,1,,,,,,,
40,htmlproofer,,htmlproofer,manuzhang/mkdocs-htmlproofer-plugin,mkdocs-htmlproofer-plugin,['plugin'],links-refs,https://github.com/manuzhang/mkdocs-htmlproofer-plugin,https://github.com/manuzhang/mkdocs-htmlproofer-plugin,MIT,2018-08-26 23:48:13,2021-12-19 07:05:50,2021-12-19 07:05:45,59.0,,5.0,4.0,18.0,1.0,12.0,21.0,2021-09-18 01:15:25,0.7.0,8.0,A MkDocs plugin that validates URL in rendered html files.,190.0,190.0,6.0,https://pypi.org/project/mkdocs-htmlproofer-plugin,4652.0,4652.0,16,True,1,,,,,,,
41,git-committers-2,,git-committers,ojacques/mkdocs-git-committers-plugin-2,mkdocs-git-committers-plugin-2,['plugin'],git-info,https://github.com/ojacques/mkdocs-git-committers-plugin-2,https://github.com/ojacques/mkdocs-git-committers-plugin-2,MIT,2019-11-25 20:50:44,2022-09-19 19:22:57,2022-09-19 19:22:23,45.0,15.0,5.0,2.0,11.0,2.0,7.0,8.0,2022-09-07 22:06:12,1.1.0,7.0,An MkDocs plugin to create a list of contributors on the page.,34.0,34.0,5.0,https://pypi.org/project/mkdocs-git-committers-plugin-2,5053.0,5053.0,16,False,3,,,,,,,
42,meta-descriptions,,meta-descriptions,prcr/mkdocs-meta-descriptions-plugin,mkdocs-meta-descriptions-plugin,['plugin'],snippets-include,https://github.com/prcr/mkdocs-meta-descriptions-plugin,https://github.com/prcr/mkdocs-meta-descriptions-plugin,MIT,2021-04-02 13:21:37,2022-09-12 20:11:05,2022-08-28 14:13:07,160.0,10.0,2.0,1.0,184.0,1.0,5.0,5.0,2022-07-23 18:17:58,2.0.0,8.0,Generate meta descriptions from the first paragraphs in your MkDocs pages.,57.0,57.0,2.0,https://pypi.org/project/mkdocs-meta-descriptions-plugin,1187.0,1187.0,16,False,2,,,,,,,
43,mkpdfs,,mkpdfs,comwes/mkpdfs-mkdocs-plugin,mkpdfs-mkdocs,['plugin'],site-conversion,https://github.com/comwes/mkpdfs-mkdocs-plugin,https://github.com/comwes/mkpdfs-mkdocs-plugin,GPL-3.0,2019-04-09 13:14:03,2022-04-04 00:49:38,2021-08-11 13:02:40,109.0,,24.0,10.0,19.0,11.0,26.0,81.0,2019-06-23 20:25:53,1.0.1,2.0,"Converts your mkdocs documentation in PDF, to be shared with users.",40.0,40.0,8.0,https://pypi.org/project/mkpdfs-mkdocs,802.0,802.0,15,True,2,25.0,,,,,,
44,drawio-exporter,,drawio-exporter,LukeCarrier/mkdocs-drawio-exporter,mkdocs-drawio-exporter,['plugin'],charts,https://github.com/LukeCarrier/mkdocs-drawio-exporter,https://github.com/LukeCarrier/mkdocs-drawio-exporter,MIT,2019-09-10 21:59:11,2022-05-28 16:37:25,2022-05-28 16:37:23,59.0,,3.0,3.0,13.0,3.0,18.0,42.0,2021-05-09 10:30:10,0.8.0,10.0,Exports your Draw.io diagrams at build time for easier embedding into your documentation.,29.0,29.0,4.0,https://pypi.org/project/mkdocs-drawio-exporter,3651.0,3651.0,15,True,2,,,,,,,
45,gen-files,,gen-files,oprypin/mkdocs-gen-files,mkdocs-gen-files,['plugin'],code-exec-templating,https://github.com/oprypin/mkdocs-gen-files,https://github.com/oprypin/mkdocs-gen-files,MIT,2020-12-07 21:19:53,2022-09-18 13:35:52,2022-09-18 13:26:48,59.0,8.0,4.0,2.0,5.0,1.0,11.0,35.0,2022-08-22 17:44:45,0.4.0,6.0,MkDocs plugin to programmatically generate documentation pages during the build.,,,3.0,https://pypi.org/project/mkdocs-gen-files,43137.0,43137.0,15,True,2,,,,,,,
46,MkDocs Video,,mkdocs-video,soulless-viewer/mkdocs-video,mkdocs-video,['plugin'],charts,https://github.com/soulless-viewer/mkdocs-video,https://github.com/soulless-viewer/mkdocs-video,MIT,2021-06-30 13:55:40,2022-05-20 16:34:06,2022-05-20 16:34:06,13.0,,6.0,1.0,3.0,2.0,4.0,22.0,2022-04-14 18:24:15,1.3.0,4.0,MkDocs Video plugin.,168.0,168.0,4.0,https://pypi.org/project/mkdocs-video,7867.0,7867.0,15,True,2,11.0,,,-1.0,,,
47,git-committers,,git-committers,byrnereese/mkdocs-git-committers-plugin,mkdocs-git-committers-plugin,['plugin'],git-info,https://github.com/byrnereese/mkdocs-git-committers-plugin,https://github.com/byrnereese/mkdocs-git-committers-plugin,MIT,2018-12-15 00:21:27,2021-08-12 15:47:32,2021-08-12 15:47:19,39.0,,6.0,4.0,7.0,6.0,,21.0,,,,A mkdocs plugin for displaying the last commit and a list of a files contributors.,94.0,94.0,5.0,https://pypi.org/project/mkdocs-git-committers-plugin,8220.0,8220.0,15,True,3,,,,,,,
48,MkDocs GLightbox,,glightbox,blueswen/mkdocs-glightbox,mkdocs-glightbox,['plugin'],charts,https://github.com/blueswen/mkdocs-glightbox,https://github.com/blueswen/mkdocs-glightbox,MIT,2022-06-10 06:35:05,2022-08-10 13:41:45,2022-08-10 13:41:25,28.0,11.0,2.0,1.0,,2.0,3.0,16.0,2022-08-10 13:42:33,0.2.1,7.0,A MkDocs plugin supports image lightbox (zoom effect) with GLightbox.,118.0,118.0,,https://pypi.org/project/mkdocs-glightbox,7685.0,7689.0,15,False,2,14.0,,,,,,
49,codeinclude,,codeinclude,rnorth/mkdocs-codeinclude-plugin,mkdocs-codeinclude-plugin,['plugin'],snippets-include,https://github.com/rnorth/mkdocs-codeinclude-plugin,https://github.com/rnorth/mkdocs-codeinclude-plugin,MIT,2018-10-15 18:54:45,2022-08-17 18:10:24,2022-02-05 08:12:55,48.0,,4.0,2.0,21.0,4.0,6.0,7.0,2020-11-08 17:14:20,0.2.0,4.0,A plugin to include code snippets into mkdocs pages.,61.0,61.0,3.0,https://pypi.org/project/mkdocs-codeinclude-plugin,2146.0,2146.0,15,False,3,,,,,,,
50,mkdocs-pandoc,,,jgrassler/mkdocs-pandoc,mkdocs-pandoc,[],site-conversion,https://github.com/jgrassler/mkdocs-pandoc,https://github.com/jgrassler/mkdocs-pandoc,Apache-2.0,2015-12-01 13:55:25,2018-11-08 16:57:49,2016-03-14 20:16:57,25.0,,22.0,9.0,8.0,13.0,10.0,108.0,,,,[unmaintained] mkdocs - pandoc converter: use this fork https://github.com/twardoch/mkdocs-combine.,44.0,44.0,4.0,https://pypi.org/project/mkdocs-pandoc,271.0,271.0,14,True,3,,,,,,,
51,Math extension,,,mitya57/python-markdown-math,python-markdown-math,['markdown'],markdown,https://github.com/mitya57/python-markdown-math,https://github.com/mitya57/python-markdown-math,BSD-3-Clause,2015-01-12 13:25:03,2022-08-12 10:58:05,2022-08-12 10:57:34,67.0,1.0,24.0,5.0,8.0,2.0,21.0,99.0,,,,Math extension for Python-Markdown.,,,8.0,https://pypi.org/project/python-markdown-math,21234.0,21234.0,14,True,2,,mdx_math,,,,,
52,Windmill,windmill,,gristlabs/mkdocs-windmill,mkdocs-windmill,['theme'],theming,https://github.com/gristlabs/mkdocs-windmill,https://github.com/gristlabs/mkdocs-windmill,,2017-05-15 03:51:22,2022-09-23 05:57:15,2022-03-11 19:50:40,79.0,,46.0,3.0,33.0,14.0,16.0,85.0,,,,Outstanding mkdocs theme with a focus on navigation and usability.,155.0,155.0,8.0,https://pypi.org/project/mkdocs-windmill,3177.0,3177.0,14,True,2,,,,,,,
53,mktestdocs,,,koaning/mktestdocs,mktestdocs,[],quality,https://github.com/koaning/mktestdocs,https://github.com/koaning/mktestdocs,Apache-2.0,2020-12-02 11:29:55,2022-05-27 05:59:16,2022-05-27 05:59:16,48.0,,4.0,1.0,8.0,1.0,,62.0,2022-05-26 16:45:54,0.2.0,2.0,Run pytest against markdown files/docstrings.,15.0,15.0,3.0,https://pypi.org/project/mktestdocs,1070.0,1070.0,14,True,1,,,,,,,
54,ezlinks,,ezlinks,orbikm/mkdocs-ezlinks-plugin,mkdocs-ezlinks-plugin,['plugin'],links-refs,https://github.com/orbikm/mkdocs-ezlinks-plugin,https://github.com/orbikm/mkdocs-ezlinks-plugin,MIT,2021-02-10 23:10:38,2022-07-13 20:23:57,2022-01-24 19:59:04,40.0,,5.0,3.0,23.0,4.0,13.0,18.0,2022-01-24 20:08:01,_0.1.14,14.0,Plugin for mkdocs which enables easier linking between pages.,35.0,35.0,,https://pypi.org/project/mkdocs-ezlinks-plugin,1143.0,1146.0,14,False,2,66.0,,,3.0,,,
55,exclude-search,,exclude-search,chrieke/mkdocs-exclude-search,mkdocs-exclude-search,['plugin'],search-toc,https://github.com/chrieke/mkdocs-exclude-search,https://github.com/chrieke/mkdocs-exclude-search,MIT,2020-10-11 23:10:29,2022-07-19 18:50:47,2022-07-19 18:50:39,130.0,3.0,2.0,2.0,25.0,,14.0,16.0,2022-01-05 22:53:05,0.6.4,16.0,A mkdocs plugin that lets you exclude selected chapters from the search index.,141.0,141.0,4.0,https://pypi.org/project/mkdocs-exclude-search,4217.0,4217.0,14,False,3,6.0,,,,,,
56,MkDocs Swagger UI Tag,,swagger-ui-tag,blueswen/mkdocs-swagger-ui-tag,mkdocs-swagger-ui-tag,['plugin'],integrations,https://github.com/blueswen/mkdocs-swagger-ui-tag,https://github.com/blueswen/mkdocs-swagger-ui-tag,MIT,2022-06-12 09:49:37,2022-08-31 14:43:20,2022-08-31 14:42:36,29.0,16.0,2.0,1.0,,,6.0,13.0,2022-08-31 14:43:56,0.4.3,10.0,A MkDocs plugin supports for add Swagger UI in page.,16.0,16.0,,https://pypi.org/project/mkdocs-swagger-ui-tag,1459.0,1463.0,14,False,1,12.0,,,,,,
57,markdown-callouts,,,oprypin/markdown-callouts,markdown-callouts,['markdown'],markdown,https://github.com/oprypin/markdown-callouts,https://github.com/oprypin/markdown-callouts,MIT,2021-05-03 01:07:19,2022-09-18 20:46:08,2022-09-18 20:44:01,25.0,7.0,5.0,3.0,4.0,2.0,5.0,11.0,2022-09-18 20:48:07,0.3.0,2.0,Markdown extension: a classier syntax for admonitions.,,,,https://pypi.org/project/markdown-callouts,3854.0,3854.0,14,False,2,,callouts,,,,,
58,Bootstrap4,bootstrap4,,byrnereese/mkdocs-bootstrap4,mkdocs-bootstrap4,['theme'],theming,https://github.com/byrnereese/mkdocs-bootstrap4,https://github.com/byrnereese/mkdocs-bootstrap4,MIT,2018-12-17 16:32:18,2020-11-05 01:03:43,2020-11-05 01:03:25,19.0,,9.0,4.0,3.0,,3.0,41.0,,,,Bootstrap 4.0+ theme for MkDocs.,68.0,68.0,4.0,https://pypi.org/project/mkdocs-bootstrap4,6685.0,6685.0,13,True,2,,,,,,,
59,section-index,,section-index,oprypin/mkdocs-section-index,mkdocs-section-index,['plugin'],nav-pages,https://github.com/oprypin/mkdocs-section-index,https://github.com/oprypin/mkdocs-section-index,MIT,2020-11-19 23:59:30,2022-09-18 13:34:11,2022-09-18 13:25:38,58.0,2.0,5.0,2.0,1.0,3.0,7.0,40.0,2022-03-30 21:27:08,0.3.4,6.0,MkDocs plugin to allow clickable sections that lead to an index page.,,,,https://pypi.org/project/mkdocs-section-index,21449.0,21449.0,13,True,2,,,,,,,
60,build-plantuml,,build_plantuml,quantorconsulting/mkdocs_build_plantuml,mkdocs-build-plantuml-plugin,['plugin'],charts,https://github.com/quantorconsulting/mkdocs_build_plantuml,https://github.com/quantorconsulting/mkdocs_build_plantuml,MIT,2019-12-16 05:13:23,2022-06-13 18:32:48,2022-06-13 18:32:31,33.0,,9.0,3.0,8.0,2.0,14.0,36.0,,,,MkDocs plugin to help generate your plantuml images locally or remotely as files (NOT inline).,35.0,35.0,6.0,https://pypi.org/project/mkdocs-build-plantuml-plugin,7798.0,7798.0,13,True,2,,,,,,,
61,literate-nav,,literate-nav,oprypin/mkdocs-literate-nav,mkdocs-literate-nav,['plugin'],nav-pages,https://github.com/oprypin/mkdocs-literate-nav,https://github.com/oprypin/mkdocs-literate-nav,MIT,2020-04-26 17:38:52,2022-09-18 16:31:17,2022-09-18 16:03:27,92.0,9.0,6.0,2.0,1.0,6.0,5.0,30.0,2021-05-24 20:00:00,0.4.0,1.0,MkDocs plugin to specify the navigation in Markdown instead of YAML.,,,,https://pypi.org/project/mkdocs-literate-nav,35575.0,35575.0,13,True,2,,,,,,,
62,enumerate-headings,,enumerate-headings,timvink/mkdocs-enumerate-headings-plugin,mkdocs-enumerate-headings-plugin,['plugin'],html-css,https://github.com/timvink/mkdocs-enumerate-headings-plugin,https://github.com/timvink/mkdocs-enumerate-headings-plugin,MIT,2020-04-24 13:39:07,2022-01-09 20:46:13,2022-01-09 20:45:23,103.0,,2.0,2.0,5.0,,26.0,26.0,2022-01-09 20:48:35,0.5,10.0,MkDocs Plugin to enumerate the headings across site pages.,81.0,81.0,2.0,https://pypi.org/project/mkdocs-enumerate-headings-plugin,3080.0,3080.0,13,True,2,,,,,,,
63,charts,,charts,timvink/mkdocs-charts-plugin,mkdocs-charts-plugin,['plugin'],charts,https://github.com/timvink/mkdocs-charts-plugin,https://github.com/timvink/mkdocs-charts-plugin,MIT,2021-12-07 21:53:15,2022-02-20 10:02:14,2022-02-20 09:59:48,47.0,,1.0,3.0,,3.0,9.0,22.0,2022-02-20 10:01:38,0.0.8,8.0,Mkdocs plugin to add charts to your pages.,7.0,7.0,,https://pypi.org/project/mkdocs-charts-plugin,1169.0,1169.0,13,True,2,,,,,,,
64,kroki,,kroki,AVATEAM-IT-SYSTEMHAUS/mkdocs-kroki-plugin,mkdocs-kroki-plugin,['plugin'],charts,https://github.com/AVATEAM-IT-SYSTEMHAUS/mkdocs-kroki-plugin,https://github.com/AVATEAM-IT-SYSTEMHAUS/mkdocs-kroki-plugin,MIT,2021-04-13 09:57:17,2022-09-14 13:50:32,2022-08-19 13:22:47,30.0,1.0,10.0,2.0,10.0,4.0,3.0,17.0,2022-05-22 07:54:10,.0.4.0,5.0,MkDocs plugin for Kroki-Diagrams.,10.0,10.0,5.0,https://pypi.org/project/mkdocs-kroki-plugin,6529.0,6529.0,13,False,2,,,,,,,
65,mkdocs-markmap,,markmap,neatc0der/mkdocs-markmap,mkdocs-markmap,['plugin'],code-exec-templating,https://github.com/markmap/mkdocs-markmap,https://github.com/markmap/mkdocs-markmap,MIT,2021-01-22 15:52:32,2022-08-25 17:23:57,2022-08-25 17:23:23,158.0,16.0,2.0,5.0,26.0,2.0,14.0,16.0,2022-08-25 17:23:57,2.3.0,16.0,MkDocs plugin and extension to create mindmaps from markdown using markmap.,,,2.0,https://pypi.org/project/mkdocs-markmap,561.0,565.0,13,False,2,96.0,,,,markmap/mkdocs-markmap,,
66,autorefs,,autorefs,mkdocstrings/autorefs,mkdocs-autorefs,['plugin'],links-refs,https://github.com/mkdocstrings/autorefs,https://github.com/mkdocstrings/autorefs,ISC,2021-02-10 07:44:02,2022-08-26 19:19:11,2022-03-07 16:43:40,28.0,,3.0,3.0,16.0,1.0,3.0,14.0,,,,Automatically link across pages in MkDocs.,,,4.0,https://pypi.org/project/mkdocs-autorefs,202212.0,202212.0,13,False,2,,,,,,,
67,mktheapidocs,,mktheapidocs,greenape/mktheapidocs,mktheapidocs,['plugin'],api-docs,https://github.com/greenape/mktheapidocs,https://github.com/greenape/mktheapidocs,MIT,2018-09-11 13:02:30,2022-06-10 14:37:18,2022-06-10 14:36:01,91.0,,3.0,2.0,64.0,10.0,6.0,10.0,2022-06-10 14:33:49,0.3.0,2.0,Numpydocs - mkdocs friendly markdown.,12.0,12.0,6.0,https://pypi.org/project/mktheapidocs,494.0,494.0,13,False,2,,,,,,,
68,mkdocs-mdpo,,mdpo,mondeja/mkdocs-mdpo-plugin,mkdocs-mdpo-plugin,['plugin'],i18n-l10n,https://github.com/mondeja/mkdocs-mdpo-plugin,https://github.com/mondeja/mkdocs-mdpo-plugin,BSD-3-Clause,2021-04-26 14:53:13,2022-07-01 04:13:23,2022-06-10 13:15:30,106.0,,4.0,2.0,26.0,11.0,24.0,4.0,2022-06-10 13:17:02,0.0.27,27.0,Mkdocs translation plugin using PO files.,,,3.0,https://pypi.org/project/mkdocs-mdpo-plugin,219.0,221.0,13,False,3,50.0,,,,,,
69,markdownmermaid,,markdownmermaid,pugong/mkdocs-mermaid-plugin,mkdocs-mermaid-plugin,['plugin'],charts,https://github.com/pugong/mkdocs-mermaid-plugin,https://github.com/pugong/mkdocs-mermaid-plugin,MIT,2018-11-28 13:09:20,2020-03-06 16:12:45,2019-05-26 05:43:37,9.0,,15.0,3.0,6.0,3.0,3.0,25.0,,,,A MkDocs plugin that support mermaid graph in markdown file.,46.0,46.0,2.0,https://pypi.org/project/mkdocs-mermaid-plugin,5648.0,5648.0,12,True,3,,,,,,,
70,roamlinks,,roamlinks,Jackiexiao/mkdocs-roamlinks-plugin,mkdocs-roamlinks-plugin,['plugin'],links-refs,https://github.com/Jackiexiao/mkdocs-roamlinks-plugin,https://github.com/Jackiexiao/mkdocs-roamlinks-plugin,MIT,2020-09-05 02:15:33,2022-08-16 11:29:31,2022-08-16 11:26:44,23.0,8.0,9.0,,3.0,,,25.0,,,,An MkDocs plugin that automagically generates relative links between markdown pages.,,,7.0,https://pypi.org/project/mkdocs-roamlinks-plugin,3589.0,3589.0,12,True,2,,,,,,,
71,pheasant,,pheasant,daizutabi/pheasant,pheasant,['plugin'],code-exec-templating,https://github.com/daizutabi/pheasant,https://github.com/daizutabi/pheasant,MIT,2017-12-25 12:14:27,2020-12-19 23:21:44,2020-12-19 23:21:31,841.0,,9.0,3.0,4.0,6.0,5.0,17.0,,,,Documentation tool for Markdown conversion by Jupyter client.,20.0,20.0,4.0,https://pypi.org/project/pheasant,296.0,296.0,12,False,3,,,,,,,
72,mkdocs-gallery,,gallery,smarie/mkdocs-gallery,mkdocs-gallery,['plugin'],nav-pages,https://github.com/smarie/mkdocs-gallery,https://github.com/smarie/mkdocs-gallery,BSD-3-Clause,2021-11-10 15:51:30,2022-05-07 14:58:18,2022-05-07 14:43:42,110.0,,1.0,3.0,10.0,15.0,25.0,10.0,2022-05-07 14:58:20,0.7.6,8.0,Same features as sphinx-gallery (https://sphinx-gallery.github.io/) but on mkdocs (https://www.mkdocs.org/) (no sphinx..,,,3.0,https://pypi.org/project/mkdocs-gallery,174.0,174.0,12,False,2,,,,,,,
73,Ivory,ivory,,daizutabi/mkdocs-ivory,mkdocs-ivory,['theme'],theming,https://github.com/daizutabi/mkdocs-ivory,https://github.com/daizutabi/mkdocs-ivory,MIT,2019-04-14 14:07:26,2020-06-16 07:35:02,2020-06-16 07:34:55,58.0,,4.0,1.0,1.0,2.0,3.0,9.0,,,,Ivory theme for MkDocs.,52.0,52.0,2.0,https://pypi.org/project/mkdocs-ivory,1189.0,1189.0,11,False,2,,,,,,,
74,same-dir,,same-dir,oprypin/mkdocs-same-dir,mkdocs-same-dir,['plugin'],other,https://github.com/oprypin/mkdocs-same-dir,https://github.com/oprypin/mkdocs-same-dir,MIT,2020-04-26 17:38:21,2022-09-28 21:16:53,2022-09-28 21:14:20,25.0,3.0,2.0,2.0,1.0,,3.0,9.0,,,,MkDocs plugin to allow placing mkdocs.yml in the same directory as documentation.,86.0,86.0,2.0,https://pypi.org/project/mkdocs-same-dir,7235.0,7235.0,11,False,2,,,,,,,
75,mkdocs-typer,,,bruce-szalwinski/mkdocs-typer,mkdocs-typer,['markdown'],api-docs,https://github.com/bruce-szalwinski/mkdocs-typer,https://github.com/bruce-szalwinski/mkdocs-typer,Apache-2.0,2021-01-25 17:46:54,2022-07-11 11:17:26,2021-01-25 21:53:29,19.0,,1.0,2.0,8.0,1.0,,11.0,2021-01-25 21:08:08,0.0.2,2.0,An MkDocs extension to generate documentation for Typer command line applications.,,,,https://pypi.org/project/mkdocs-typer,3577.0,3577.0,10,False,3,,mkdocs-typer,,,,,
76,add-number,,add-number,ignorantshr/mkdocs-add-number-plugin,mkdocs-add-number-plugin,['plugin'],html-css,https://github.com/ignorantshr/mkdocs-add-number-plugin,https://github.com/ignorantshr/mkdocs-add-number-plugin,MIT,2019-05-25 03:48:30,2020-06-17 07:23:03,2020-06-11 09:35:38,31.0,,3.0,1.0,4.0,2.0,9.0,10.0,,,,MkDocs plugin to automatically number the headings (h1-h6) in each markdown page and the nav.,17.0,17.0,3.0,https://pypi.org/project/mkdocs-add-number-plugin,805.0,805.0,10,False,2,,,,,,,
77,Termage,,termage,bczsalba/Termage,mkdocs-termage-plugin,['plugin'],charts,https://github.com/bczsalba/Termage,https://github.com/bczsalba/Termage,MIT,2022-05-25 14:17:44,2022-08-23 08:04:29,2022-08-23 08:03:39,67.0,34.0,,1.0,,1.0,4.0,5.0,2022-08-23 08:11:16,0.6.1,6.0,"Generate SVGs from any Python code, even in your documentation.",,,,https://pypi.org/project/mkdocs-termage-plugin,30.0,30.0,10,False,3,,,,,,,
78,pdf-with-js,,pdf-with-js,smaxtec/mkdocs-pdf-with-js-plugin,mkdocs-pdf-with-js-plugin,['plugin'],site-conversion,https://github.com/smaxtec/mkdocs-pdf-with-js-plugin,https://github.com/smaxtec/mkdocs-pdf-with-js-plugin,MIT,2020-06-04 09:48:18,2021-07-23 08:52:22,2021-07-23 08:52:22,13.0,,1.0,5.0,3.0,,,5.0,2021-07-16 06:35:39,0.1.3,3.0,A MkDocs plugin that exports your documentation as PDF with rendered JavaScript content.,4.0,4.0,4.0,https://pypi.org/project/mkdocs-pdf-with-js-plugin,305.0,305.0,10,False,3,,,,,,,
79,Mdx Include,,,neurobin/mdx_include,mdx_include,['markdown'],snippets-include,https://github.com/neurobin/mdx_include,https://github.com/neurobin/mdx_include,,2018-09-19 21:01:21,2022-07-26 05:44:16,2022-07-26 05:42:09,70.0,4.0,2.0,3.0,2.0,3.0,5.0,43.0,,,,Python Markdown extension to include local or remote files.,,,3.0,https://pypi.org/project/mdx_include,6687.0,6687.0,9,True,3,,mdx_include,,,,,
80,tags,,tags,jldiaz/mkdocs-plugin-tags,mkdocs-plugin-tags,['plugin'],search-toc,https://github.com/jldiaz/mkdocs-plugin-tags,https://github.com/jldiaz/mkdocs-plugin-tags,MIT,2019-10-21 15:51:50,2021-09-02 19:03:31,2021-09-02 19:03:31,7.0,,19.0,4.0,4.0,7.0,7.0,39.0,,,,Processes tags in yaml metadata.,,,3.0,https://pypi.org/project/mkdocs-plugin-tags,443.0,443.0,9,True,3,,,,,,,
81,MkRefs,,mkrefs,DerwenAI/mkrefs,mkrefs,['plugin'],nav-pages,https://github.com/DerwenAI/mkrefs,https://github.com/DerwenAI/mkrefs,MIT,2021-05-10 15:58:53,2022-01-02 23:29:39,2021-06-29 20:34:58,49.0,,1.0,3.0,8.0,,,18.0,2021-06-27 17:55:28,0.2.0,2.0,MkDocs plugin to generate semantic reference Markdown pages from a knowledge graph.,1.0,1.0,,https://pypi.org/project/mkrefs,32.0,32.0,9,False,2,,,,,,,
82,MkDocs Img2Fig Plugin,,img2fig,stuebersystems/mkdocs-img2fig-plugin,mkdocs-img2fig-plugin,['plugin'],charts,https://github.com/stuebersystems/mkdocs-img2fig-plugin,https://github.com/stuebersystems/mkdocs-img2fig-plugin,MIT,2019-05-09 09:48:11,2022-04-15 06:05:55,2020-07-14 09:36:02,8.0,,6.0,2.0,3.0,2.0,1.0,14.0,,,,A MkDocs plugin that converts markdown encoded images into figure elements.,66.0,66.0,2.0,https://pypi.org/project/mkdocs-img2fig-plugin,1376.0,1376.0,9,False,3,,,,,,,
83,markdown-exec,,markdown-exec,pawamoy/markdown-exec,markdown-exec,['plugin'],code-exec-templating,https://github.com/pawamoy/markdown-exec,https://github.com/pawamoy/markdown-exec,ISC,2022-02-11 22:48:50,2022-09-01 20:03:57,2022-09-01 19:32:38,77.0,13.0,,1.0,,2.0,6.0,11.0,,,,Utilities to execute code blocks in Markdown files.,,,,https://pypi.org/project/markdown-exec,434.0,434.0,9,False,3,,,,,,,
84,snippet,,snippet,mprivat/mkdocs-snippet-plugin,mkdocs-snippet-plugin,['plugin'],snippets-include,https://github.com/mprivat/mkdocs-snippet-plugin,https://github.com/mprivat/mkdocs-snippet-plugin,MIT,2019-02-27 18:43:14,2021-10-21 22:55:54,2021-10-21 22:55:54,10.0,,3.0,3.0,2.0,2.0,4.0,11.0,,,,An mkdocs plugin that injects snippets from a file in a git repository.,8.0,8.0,3.0,https://pypi.org/project/mkdocs-snippet-plugin,568.0,568.0,9,False,3,,,,,,,
85,bootstrap-tables,,bootstrap-tables,byrnereese/mkdocs-bootstrap-tables-plugin,mkdocs-bootstrap-tables-plugin,['plugin'],html-css,https://github.com/byrnereese/mkdocs-bootstrap-tables-plugin,https://github.com/byrnereese/mkdocs-bootstrap-tables-plugin,MIT,2018-12-19 20:55:24,2020-03-27 04:57:49,2020-03-27 04:57:31,2.0,,2.0,1.0,,,,8.0,,,,A MkDocs plugin to add bootstrap classes to plan markdown generated tables.,55.0,55.0,,https://pypi.org/project/mkdocs-bootstrap-tables-plugin,1574.0,1574.0,9,False,3,,,,3.0,,,
86,KPN for MkDocs,kpn,,kpn/mkdocs-kpn-theme,mkdocs-kpn,['theme'],theming,https://github.com/kpn/mkdocs-kpn-theme,https://github.com/kpn/mkdocs-kpn-theme,MIT,2020-04-02 12:00:18,2022-08-09 09:02:03,2022-08-09 09:01:11,122.0,3.0,,8.0,,,3.0,6.0,,,,KPN theme for MkDocs | owner=flow.,2.0,2.0,3.0,https://pypi.org/project/mkdocs-kpn,348.0,348.0,9,False,2,,,,,,,
87,Bootstrap 4,bootstrap4,,LukeCarrier/mkdocs-theme-bootstrap4,mkdocs-theme-bootstrap4,['theme'],theming,https://github.com/LukeCarrier/mkdocs-theme-bootstrap4,https://github.com/LukeCarrier/mkdocs-theme-bootstrap4,MIT,2019-10-02 20:24:05,2022-07-20 19:11:17,2020-03-16 20:01:29,48.0,,,1.0,20.0,1.0,4.0,4.0,2020-04-18 18:52:05,0.4.0,3.0,A vanilla Bootstrap 4 theme for MkDocs.,2.0,2.0,3.0,https://pypi.org/project/mkdocs-theme-bootstrap4,37.0,37.0,9,False,2,,,,,,,
88,mkdocs-add-teaser,,mkdocs-add-teaser,wilhelmer/mkdocs-add-teaser,mkdocs-add-teaser,['plugin'],html-css,https://github.com/wilhelmer/mkdocs-add-teaser,https://github.com/wilhelmer/mkdocs-add-teaser,MIT,2019-04-02 09:24:11,2022-07-28 07:12:09,2022-07-28 07:08:36,27.0,5.0,1.0,2.0,,,1.0,3.0,2022-07-28 07:12:09,0.8.0,5.0,"A MkDocs plugin to customize the first paragraph of your pages, and to use it as the pages meta description.",1.0,1.0,,https://pypi.org/project/mkdocs-add-teaser,142.0,142.0,9,False,3,,,,,,,
89,MkDocs Backend for Foliant,,,foliant-docs/foliantcontrib.mkdocs,foliantcontrib.mkdocs,[],integrations,https://github.com/foliant-docs/foliantcontrib.mkdocs,https://github.com/foliant-docs/foliantcontrib.mkdocs,MIT,2017-12-14 04:55:02,2022-05-30 09:31:58,2022-05-30 09:31:58,85.0,,3.0,3.0,9.0,,,3.0,,,,MkDocs backend for Foliant.,,,5.0,https://pypi.org/project/foliantcontrib.mkdocs,334.0,334.0,9,False,2,,,,,,,
90,user-defined-values,,user-defined-values,rahult/mkdocs-user-defined-values,mkdocs-user-defined-values,['plugin'],code-exec-templating,https://github.com/rahult/mkdocs-user-defined-values,https://github.com/rahult/mkdocs-user-defined-values,MIT,2020-01-05 09:26:06,2022-07-10 05:32:27,2022-07-10 05:32:27,36.0,1.0,2.0,3.0,9.0,,1.0,2.0,2020-04-21 10:59:01,0.0.5,4.0,MkDocs User Defined Values.,9.0,9.0,3.0,https://pypi.org/project/mkdocs-user-defined-values,390.0,390.0,9,False,3,10.0,,,,,,
91,octadocs-adr,,octadocs_adr,octadocs/octadocs,octadocs-adr,['plugin'],site-management,https://github.com/octadocs/octadocs,https://github.com/octadocs/octadocs,MIT,2020-11-22 09:51:22,2022-08-28 19:51:32,2022-08-28 19:51:28,469.0,14.0,,2.0,53.0,15.0,26.0,2.0,,,,Make your MkDocs documentation think for you.,,,,https://pypi.org/project/octadocs-adr,23.0,23.0,9,False,3,,,,,,,
92,Windmill Dark,windmill-dark,,noraj/mkdocs-windmill-dark,mkdocs-windmill-dark,['theme'],theming,https://github.com/noraj/mkdocs-windmill-dark,https://github.com/noraj/mkdocs-windmill-dark,,2017-10-08 14:17:25,2022-05-12 18:17:41,2022-05-12 18:17:41,65.0,,9.0,3.0,,,4.0,25.0,,,,Outstanding mkdocs theme with a focus on navigation and usability.,,,4.0,https://pypi.org/project/mkdocs-windmill-dark,385.0,385.0,8,True,2,,,,,,,
93,MkDocsOAD,,neoteroi.mkdocsoad,Neoteroi/mkdocs-plugins,neoteroi-mkdocs,['plugin'],api-docs,https://github.com/Neoteroi/mkdocs-plugins,https://github.com/Neoteroi/mkdocs-plugins,MIT,2022-04-18 10:59:35,2022-09-24 22:01:45,2022-09-21 19:59:13,13.0,4.0,2.0,1.0,6.0,1.0,7.0,20.0,2022-08-11 21:26:12,0.0.6,6.0,Plugin for MkDocs to generate human readable documentation from OpenAPI Documentation Version 3 (also known as Swagger..,2.0,2.0,2.0,https://pypi.org/project/neoteroi-mkdocs,251.0,251.0,8,True,3,,,,,,,
94,multirepo,,,wilhelmer/mkdocs-multirepo,mkdocs-multirepo,[],site-management,https://github.com/wilhelmer/mkdocs-multirepo,https://github.com/wilhelmer/mkdocs-multirepo,MIT,2020-07-08 12:11:47,2022-01-11 15:38:49,2022-01-11 15:34:30,42.0,,2.0,5.0,1.0,1.0,2.0,20.0,2022-01-11 15:38:50,0.5.1,2.0,"A bit like monorepo, but keeps MkDocs projects separate.",,,2.0,https://pypi.org/project/mkdocs-multirepo,197.0,197.0,8,True,3,,,,,,,
95,MkDocs Merge,,,ovasquez/mkdocs-merge,mkdocs-merge,[],site-management,https://github.com/ovasquez/mkdocs-merge,https://github.com/ovasquez/mkdocs-merge,MIT,2017-06-06 21:33:22,2019-08-14 06:46:14,2019-08-14 06:46:03,20.0,,4.0,1.0,9.0,3.0,2.0,18.0,2018-09-27 18:13:49,0.6.0,4.0,Merge the source of multiple MkDocs sites into a single one.,3.0,3.0,2.0,https://pypi.org/project/mkdocs-merge,591.0,591.0,8,False,3,,,,,,,
96,mkdocs-diagrams,,diagrams,zoni/mkdocs-diagrams,mkdocs-diagrams,['plugin'],charts,https://github.com/zoni/mkdocs-diagrams,https://github.com/zoni/mkdocs-diagrams,MIT,2020-05-16 10:44:25,2020-09-04 08:33:06,2020-09-04 08:27:56,12.0,,1.0,2.0,1.0,1.0,1.0,17.0,,,,MkDocs plugin to render Diagrams files.,34.0,34.0,,https://pypi.org/project/mkdocs-diagrams,2178.0,2178.0,8,False,3,,,,,,,
97,newsletter,,mkdocs-newsletter,lyz-code/mkdocs-newsletter,mkdocs-newsletter,['plugin'],blogging,https://github.com/lyz-code/mkdocs-newsletter,https://github.com/lyz-code/mkdocs-newsletter,GPL-3.0,2021-02-10 16:13:44,2022-09-01 10:44:39,2022-09-01 10:43:33,251.0,7.0,2.0,2.0,86.0,1.0,5.0,14.0,,,,Automatically create newsletters from the changes in a mkdocs repository.,,,3.0,https://pypi.org/project/mkdocs-newsletter,324.0,324.0,8,False,2,,,,,,,
98,docutools,,lcd-find-pages,axiros/docutools,docutools,['plugin'],charts,https://github.com/axiros/docutools,https://github.com/axiros/docutools,BSD-2-Clause,2021-10-04 21:36:07,2022-04-11 15:09:39,2022-04-11 14:53:41,430.0,,,6.0,,1.0,1.0,14.0,,,,Dev Centric Tools for Mkdocs Based Documentation.,,,3.0,https://pypi.org/project/docutools,185.0,185.0,8,False,3,,,,,,,
99,Jinks,jinks_en,,anetwork/mkdocs-jinks-theme,mkdocs-jinks,['theme'],theming,https://github.com/anetwork/mkdocs-jinks-theme,https://github.com/anetwork/mkdocs-jinks-theme,BSD-2-Clause,2016-02-17 16:35:05,2019-11-08 08:36:17,2019-11-08 08:36:15,24.0,,4.0,9.0,3.0,,,13.0,2016-04-12 06:37:18,.0.1.0,1.0,Mkdocs jinks theme.,4.0,4.0,7.0,https://pypi.org/project/mkdocs-jinks,20.0,20.0,8,False,2,,,,,,,
100,Wikilink Plus,,,neurobin/mdx_wikilink_plus,mdx_wikilink_plus,['markdown'],links-refs,https://github.com/neurobin/mdx_wikilink_plus,https://github.com/neurobin/mdx_wikilink_plus,,2018-09-19 09:56:17,2022-07-26 06:02:00,2022-07-26 06:00:03,78.0,12.0,3.0,2.0,5.0,,5.0,12.0,,,,A wikilink extension for Python Markdown.,,,5.0,https://pypi.org/project/mdx_wikilink_plus,389.0,389.0,8,False,2,,mdx_wikilink_plus,,,,,
101,Blogs for MkDocs,,blog,fmaida/mkdocs-blog-plugin,,['plugin'],blogging,https://github.com/fmaida/mkdocs-blog-plugin,https://github.com/fmaida/mkdocs-blog-plugin,MIT,2020-01-19 13:38:21,2020-04-13 08:11:37,2020-04-13 08:11:31,21.0,,4.0,3.0,,1.0,1.0,9.0,,,,This plugin for MkDocs allows to keeps a really simple blog section inside your documentation site.,40.0,40.0,,,,,8,False,2,,,,,,,
102,CustomMill,custommill,,Siphalor/mkdocs-custommill,mkdocs-custommill,['theme'],theming,https://github.com/Siphalor/mkdocs-custommill,https://github.com/Siphalor/mkdocs-custommill,,2021-03-31 11:40:50,2022-03-10 22:29:19,2022-03-10 22:04:06,184.0,,4.0,2.0,,,1.0,9.0,2022-03-10 22:29:19,1.3.0,1.0,"Outstanding mkdocs theme with a focus on navigation, customization and usability.",5.0,5.0,8.0,https://pypi.org/project/mkdocs-custommill,163.0,163.0,8,False,2,,,,,,,
103,tooltipster-links,,tooltipster-links,midnightprioriem/mkdocs-tooltipster-links-plugin,mkdocs-tooltipster-links-plugin,['plugin'],links-refs,https://github.com/midnightprioriem/mkdocs-tooltipster-links-plugin,https://github.com/midnightprioriem/mkdocs-tooltipster-links-plugin,MIT,2020-01-11 16:20:03,2022-09-20 10:38:00,2020-07-29 11:54:06,7.0,,1.0,2.0,1.0,2.0,,7.0,2020-01-11 17:58:07,_010,1.0,An MkDocs plugin that adds tooltips to preview the content of page links using tooltipster.,17.0,17.0,,https://pypi.org/project/mkdocs-tooltipster-links-plugin,104.0,104.0,8,False,2,,,,,,,
104,mkdocs-coverage,,coverage,pawamoy/mkdocs-coverage,mkdocs-coverage,['plugin'],integrations,https://github.com/pawamoy/mkdocs-coverage,https://github.com/pawamoy/mkdocs-coverage,ISC,2021-02-03 18:32:20,2021-12-16 22:41:29,2021-12-16 22:41:06,31.0,,,1.0,,3.0,3.0,5.0,,,,MkDocs plugin to integrate your coverage HTML report into your site.,,,,https://pypi.org/project/mkdocs-coverage,6446.0,6446.0,8,False,3,,,,,,,
105,Semantic,semantic,,cryocaustik/mkdocs-semantic,mkdocs-semantic,['theme'],theming,https://github.com/cryocaustik/mkdocs-semantic,https://github.com/cryocaustik/mkdocs-semantic,MIT,2018-09-20 06:14:30,2021-03-30 05:27:30,2021-03-30 03:30:35,19.0,,2.0,1.0,1.0,,7.0,4.0,2021-03-30 05:27:30,1.0.0,3.0,Semantic-UI Theme for MkDocs.,5.0,5.0,6.0,https://pypi.org/project/mkdocs-semantic,69.0,69.0,8,False,2,,,,,,,
106,mkdocs-categories-plugin,,categories,eddyluten/mkdocs-categories-plugin,mkdocs-categories-plugin,['plugin'],nav-pages,https://github.com/EddyLuten/mkdocs-categories-plugin,https://github.com/EddyLuten/mkdocs-categories-plugin,MIT,2022-02-24 02:42:22,2022-07-02 21:19:31,2022-07-02 21:16:43,6.0,3.0,1.0,1.0,,,1.0,3.0,2022-07-02 21:19:31,0.2.1,4.0,An MkDocs plugin allowing for categorization of wiki pages.,2.0,2.0,,https://pypi.org/project/mkdocs-categories-plugin,132.0,132.0,8,False,3,,,,,,,
107,mkdocs-spellcheck,,spellcheck,pawamoy/mkdocs-spellcheck,mkdocs-spellcheck,['plugin'],quality,https://github.com/pawamoy/mkdocs-spellcheck,https://github.com/pawamoy/mkdocs-spellcheck,ISC,2022-01-23 13:03:19,2022-04-11 16:54:07,2022-04-11 16:53:53,29.0,,,1.0,,8.0,4.0,3.0,,,,A spell checker plugin for MkDocs.,,,,https://pypi.org/project/mkdocs-spellcheck,1715.0,1715.0,8,False,2,,,,,,,
108,vim-md-tags,,vim-md-tags,midnightprioriem/mkdocs-vim-md-tags-plugin,mkdocs-vim-md-tags-plugin,['plugin'],other,https://github.com/midnightprioriem/mkdocs-vim-md-tags-plugin,https://github.com/midnightprioriem/mkdocs-vim-md-tags-plugin,MIT,2020-01-11 18:58:18,2020-05-08 18:43:26,2020-05-08 18:42:07,13.0,,1.0,3.0,1.0,,,3.0,2020-05-08 18:43:26,_020,2.0,An MkDocs plugin that creates a vim tag file of all markdown files.,9.0,9.0,4.0,https://pypi.org/project/mkdocs-vim-md-tags-plugin,56.0,56.0,8,False,3,,,,,,,
109,abs-to-rel,,abs-to-rel,sander76/mkdocs-abs-rel-plugin,mkdocs-abs-rel-plugin,['plugin'],links-refs,https://github.com/sander76/mkdocs-abs-rel-plugin,https://github.com/sander76/mkdocs-abs-rel-plugin,MIT,2018-12-17 10:36:19,2020-03-03 19:34:26,2020-03-03 19:34:24,12.0,,3.0,2.0,1.0,1.0,,2.0,,,,MkDocs plugin for converting absolute links to relative ones.,12.0,12.0,2.0,https://pypi.org/project/mkdocs-abs-rel-plugin,1676.0,1676.0,8,False,2,,,,,,,
110,SWAN,swan,,swan-cern/mkdocs-swan,mkdocs-swan,['theme'],theming,https://github.com/swan-cern/mkdocs-swan,https://github.com/swan-cern/mkdocs-swan,AGPL-3.0,2020-06-06 18:14:12,2022-08-30 14:29:43,2020-08-01 15:49:22,14.0,,1.0,3.0,1.0,,,2.0,2020-08-01 15:50:58,0.1.0,5.0,SWAN MkDocs theme.,3.0,3.0,,https://pypi.org/project/mkdocs-swan,44.0,44.0,8,False,2,,,,,,,
111,mkdocs-nav-enhancements,,mkdocs-nav-enhancements,Rylon/mkdocs-nav-enhancements,mkdocs-nav-enhancements,['plugin'],nav-pages,https://github.com/Rylon/mkdocs-nav-enhancements,https://github.com/Rylon/mkdocs-nav-enhancements,MIT,2019-07-15 23:39:57,2019-07-24 10:09:41,2019-07-24 10:08:04,16.0,,,1.0,,1.0,,1.0,,,,WIP plugin for working with titles of pages in MkDocs.,23.0,23.0,,https://pypi.org/project/mkdocs-nav-enhancements,3718.0,3718.0,8,False,3,,,,,,,
112,Unidata,unidata,,mjames-upc/mkdocs-unidata,mkdocs-unidata,['theme'],theming,https://github.com/mjames-upc/mkdocs-unidata,https://github.com/mjames-upc/mkdocs-unidata,MIT,2017-04-13 14:51:01,2017-09-27 18:46:20,2017-09-27 18:46:04,760.0,,1.0,1.0,,,,,2017-04-14 16:21:33,1.5.6,1.0,Custom MkDocs Material Design Theme.,,,16.0,https://pypi.org/project/mkdocs-unidata,58.0,58.0,8,True,2,,,,,,,
113,Alabaster,alabaster,,notpushkin/mkdocs-alabaster,mkdocs-alabaster,['theme'],theming,https://github.com/notpushkin/mkdocs-alabaster,https://github.com/notpushkin/mkdocs-alabaster,,2016-01-29 22:40:46,2020-06-16 08:22:24,2020-06-16 08:22:23,49.0,,8.0,2.0,12.0,3.0,14.0,36.0,,,,Alabaster port for MkDocs.,,,9.0,https://pypi.org/project/mkdocs-alabaster,413.0,413.0,7,True,3,,,,,,,
114,automacdoc,,,AlexandreKempf/automacdoc,,[],api-docs,https://github.com/AlexandreKempf/automacdoc,https://github.com/AlexandreKempf/automacdoc,MIT,2019-06-14 11:47:18,2020-12-29 08:32:21,2020-12-29 08:32:20,13.0,,10.0,4.0,3.0,4.0,1.0,34.0,,,,Automatic generation of documentation for mkdocs.,3.0,3.0,6.0,,,,7,True,3,,,,,,,
115,GitBook,gitbook,,,mkdocs-gitbook,['theme'],theming,,https://gitlab.com/lramage/mkdocs-gitbook-theme,,2018-12-17 18:29:14,2018-12-17 18:29:14,,,,12.0,,,7.0,10.0,26.0,,,0.0,Default theme for GitBook for Mkdocs https://lramage.gitlab.io/mkdocs-gitbook-theme.,,,,https://pypi.org/project/mkdocs-gitbook,7741.0,7741.0,7,True,3,,,,,,lramage/mkdocs-gitbook-theme,https://gitlab.com/lramage/mkdocs-gitbook-theme
116,mkdocs-alias-plugin,,alias,eddyluten/mkdocs-alias-plugin,mkdocs-alias-plugin,['plugin'],links-refs,https://github.com/EddyLuten/mkdocs-alias-plugin,https://github.com/EddyLuten/mkdocs-alias-plugin,MIT,2022-02-13 01:23:30,2022-07-10 17:57:33,2022-07-10 17:56:16,13.0,1.0,,1.0,,1.0,1.0,4.0,2022-07-10 17:57:33,0.4.0,5.0,An MkDocs plugin allowing links to your pages using a custom alias.,2.0,2.0,,https://pypi.org/project/mkdocs-alias-plugin,91.0,91.0,7,False,3,,,,,,,
117,Link Checker,,,byrnereese/linkchecker-mkdocs,mkdocs-linkcheck,[],quality,https://github.com/byrnereese/linkchecker-mkdocs,https://github.com/byrnereese/linkchecker-mkdocs,MIT,2021-08-16 16:44:47,2022-08-24 11:32:34,2021-08-24 18:08:03,70.0,,1.0,,1.0,5.0,,2.0,,,,"Python asyncio + aiohttp Markdown *.md URL link checker: 10,000 files/second.",,,5.0,https://pypi.org/project/mkdocs-linkcheck,143.0,143.0,7,False,3,,,,,,,
118,mkdocs_safe_text,,mkdocs_safe_text,raimon49/mkdocs-safe-text-plugin,mkdocs-safe-text-plugin,['plugin'],html-css,https://github.com/raimon49/mkdocs-safe-text-plugin,https://github.com/raimon49/mkdocs-safe-text-plugin,BSD-2-Clause,2018-01-20 11:15:30,2022-03-02 10:44:03,2022-03-02 10:43:19,175.0,,,2.0,13.0,,,1.0,2022-03-02 10:44:26,-1.4.0,13.0,Plugin for safe text editing with MKDocs.,,,2.0,https://pypi.org/project/mkdocs-safe-text-plugin,307.0,307.0,7,False,3,,,,,,,
119,mkdocs-embed-external-markdown,,external-markdown,fire1ce/mkdocs-embed-external-markdown,mkdocs-embed-external-markdown,['plugin'],snippets-include,https://github.com/fire1ce/mkdocs-embed-external-markdown,https://github.com/fire1ce/mkdocs-embed-external-markdown,MIT,2022-02-24 10:21:12,2022-08-01 10:46:08,2022-08-01 10:46:08,36.0,1.0,2.0,1.0,2.0,,,1.0,,,,MkDocs Embed External Markdown plugin that allow to inject section or all full markdown content from a given url. The..,11.0,11.0,2.0,https://pypi.org/project/mkdocs-embed-external-markdown,675.0,675.0,7,False,3,,,,,,,
120,webcontext,,webcontext,Darrelk/mkdocs-webcontext-plugin,mkdocs-webcontext-plugin,['plugin'],links-refs,https://github.com/Darrelk/mkdocs-webcontext-plugin,https://github.com/Darrelk/mkdocs-webcontext-plugin,MIT,2021-04-14 11:55:59,2021-04-14 14:19:33,2021-04-14 14:18:28,3.0,,,1.0,,,,,2021-04-14 14:19:33,0.1.0,1.0,Mkdocs plugin for converting absolute paths to webcontext aware paths using the configured webcontext context.,3.0,3.0,,https://pypi.org/project/mkdocs-webcontext-plugin,76.0,76.0,7,True,3,2.0,,,,,,
121,SWAN Gallery,,swangallery,swan-cern/mkdocs-swangallery,mkdocs-swangallery,['plugin'],nav-pages,https://github.com/swan-cern/mkdocs-swangallery,https://github.com/swan-cern/mkdocs-swangallery,AGPL-3.0,2020-06-21 11:00:41,2020-10-01 11:06:58,2020-10-01 11:06:03,5.0,,,3.0,,,,,2020-10-01 11:06:58,0.0.3,3.0,MkDocs plugin to generate a SWAN Gallery.,1.0,1.0,,https://pypi.org/project/mkdocs-swangallery,42.0,42.0,7,True,3,,,,,,,
122,swagger,,swagger,allevo/mkdocs-swagger-plugin,,['plugin'],integrations,https://github.com/allevo/mkdocs-swagger-plugin,https://github.com/allevo/mkdocs-swagger-plugin,MIT,2019-05-18 13:36:54,2019-10-06 19:53:01,2019-10-06 19:52:58,7.0,,6.0,3.0,1.0,3.0,2.0,27.0,,,,MkDocs plugin for render swagger into docs.,,,,,,,6,True,3,,,,,,,
123,BOOTSTRAP386,bootstrap386,,,mkdocs-bootstrap386,['theme'],theming,,https://gitlab.com/lramage/mkdocs-bootstrap386,,2018-06-06 02:30:09,2018-06-06 02:30:09,,,,2.0,,,4.0,3.0,23.0,,,1.0,A vintage 1980s DOS inspired Twitter Bootstrap theme for MkDocs https://lramage.gitlab.io/mkdocs-bootstrap386.,,,,https://pypi.org/project/mkdocs-bootstrap386,3824.0,3824.0,6,True,3,,,,,,lramage/mkdocs-bootstrap386,https://gitlab.com/lramage/mkdocs-bootstrap386
124,Tweetable quotes,,,max-arnold/markdown-tweetable,markdown-tweetable,['markdown'],markdown,https://github.com/max-arnold/markdown-tweetable,https://github.com/max-arnold/markdown-tweetable,MIT,2014-06-02 11:57:04,2019-03-25 05:45:20,2019-03-25 05:45:13,81.0,,,1.0,,1.0,,13.0,,,,Python-Markdown extension to embed tweetable quotes into your blog posts.,2.0,2.0,,https://pypi.org/project/markdown-tweetable,50.0,50.0,6,False,3,,tweetable.extension,,,,,
125,Autolink References,,autolink_references,theskumar/autolink-references-mkdocs-plugin,autolink-references-mkdocs-plugin,['plugin'],links-refs,https://github.com/theskumar/autolink-references-mkdocs-plugin,https://github.com/theskumar/autolink-references-mkdocs-plugin,MIT,2020-10-15 05:47:46,2022-01-26 12:19:00,2022-01-26 12:18:57,9.0,,2.0,2.0,1.0,2.0,1.0,9.0,,,,Provides GitHub like autolink references in Mkdocs.,3.0,3.0,2.0,https://pypi.org/project/autolink-references-mkdocs-plugin,2451.0,2451.0,6,False,3,,,,,,,
126,inari,,inari,tkamenoko/inari,inari,['plugin'],api-docs,https://github.com/tkamenoko/inari,https://github.com/tkamenoko/inari,MIT,2019-08-22 04:40:26,2021-07-10 04:26:16,2021-07-10 04:26:08,101.0,,,2.0,,1.0,1.0,6.0,,,,Write docstrings in markdown!.,,,,https://pypi.org/project/inari,175.0,175.0,6,False,3,,,,,,,
127,mk2pdf-export,,mk2pdf-export,HaoLiuHust/mkdocs-mk2pdf-plugin,mkdocs-mk2pdf-plugin,['plugin'],site-conversion,https://github.com/HaoLiuHust/mkdocs-mk2pdf-plugin,https://github.com/HaoLiuHust/mkdocs-mk2pdf-plugin,MIT,2020-01-13 11:09:42,2021-06-29 13:46:26,2020-09-11 05:52:58,21.0,,5.0,1.0,7.0,,1.0,6.0,,,,"The plugin is based on https://github.com/zhaoterryy/mkdocs-pdf-export-plugin/ ,the main change is use pandoc to..",1.0,1.0,4.0,https://pypi.org/project/mkdocs-mk2pdf-plugin,73.0,73.0,6,False,3,,,,,,,
128,git snippet,,gitsnippet,SamazoOo/mkdocs-gitsnippet-plugin,mkdocs-gitsnippet-plugin,['plugin'],snippets-include,https://github.com/SamazoOo/mkdocs-gitsnippet-plugin,https://github.com/SamazoOo/mkdocs-gitsnippet-plugin,MIT,2020-05-06 08:47:46,2020-11-15 20:10:15,2020-11-15 20:10:06,14.0,,3.0,2.0,1.0,,,5.0,,,,Mkdocs plugin that allow to inject snippet or all markdown content from a given remote git repository.,2.0,2.0,4.0,https://pypi.org/project/mkdocs-gitsnippet-plugin,128.0,128.0,6,False,3,,,,,,,
129,progress,,progress,rdilweb/mkdocs-plugin-progress,,['plugin'],site-management,https://github.com/rdilweb/mkdocs-plugin-progress,https://github.com/rdilweb/mkdocs-plugin-progress,Apache-2.0,2020-02-20 22:44:17,2020-06-20 02:28:12,2020-06-20 02:28:06,15.0,,1.0,2.0,2.0,,1.0,4.0,2020-02-21 11:28:11,1.1.4-FINAL,1.0,A plugin for MkDocs that lets you know exactly what is happening during the build.,13.0,13.0,3.0,,,,6,False,3,,,,,,,
130,markdown-filter,,markdown-filter,byrnereese/mkdocs-markdown-filter,mkdocs-markdown-filter,['plugin'],code-exec-templating,https://github.com/byrnereese/mkdocs-markdown-filter,https://github.com/byrnereese/mkdocs-markdown-filter,MIT,2019-02-06 17:40:11,2019-02-06 17:56:45,2019-02-06 17:56:44,4.0,,,1.0,,1.0,,2.0,,,,Adds a markdown template filter to the jinja templating environment in mkdocs.,11.0,11.0,,https://pypi.org/project/mkdocs-markdown-filter,106.0,106.0,6,False,3,,,,,,,
131,branchcustomization,,branchcustomization,effigies/mkdocs-branchcustomization-plugin,mkdocs-branchcustomization-plugin,['plugin'],git-info,https://github.com/effigies/mkdocs-branchcustomization-plugin,https://github.com/effigies/mkdocs-branchcustomization-plugin,MIT,2019-12-13 14:59:00,2022-04-17 16:53:22,2022-04-17 16:53:22,8.0,,,3.0,,,1.0,2.0,,,,Customize MkDocs options on a per-branch basis.,9.0,9.0,,https://pypi.org/project/mkdocs-branchcustomization-plugin,865.0,865.0,6,False,3,,,,-1.0,,,
132,Zettelkasten,zettelkasten-solarized-light,,buvis-net/mkdocs-zettelkasten,mkdocs-zettelkasten,['theme'],theming,https://github.com/buvis/mkdocs-zettelkasten,https://github.com/buvis/mkdocs-zettelkasten,MIT,2021-11-24 19:48:08,2022-07-14 06:49:10,2022-07-14 06:48:58,36.0,2.0,,1.0,7.0,6.0,3.0,2.0,2021-11-29 20:07:59,0.1.5,1.0,This is a Zettelkasten theme and plugin for MkDocs. It renders the MkDocs pages as cards (zettels).,2.0,2.0,3.0,https://pypi.org/project/mkdocs-zettelkasten,62.0,62.0,6,False,3,2.0,,,,buvis/mkdocs-zettelkasten,,
133,toc-sidebar,,toc-sidebar,midnightprioriem/mkdocs-toc-sidebar-plugin,mkdocs-toc-sidebar-plugin,['plugin'],nav-pages,https://github.com/midnightprioriem/mkdocs-toc-sidebar-plugin,https://github.com/midnightprioriem/mkdocs-toc-sidebar-plugin,MIT,2020-01-11 06:11:10,2021-05-30 09:12:08,2020-01-11 13:04:15,9.0,,3.0,2.0,3.0,3.0,,1.0,2020-01-11 07:19:38,_010,1.0,An MkDocs plugin that allows users to add additional content to the ToC sidebar using the Material theme.,8.0,8.0,2.0,https://pypi.org/project/mkdocs-toc-sidebar-plugin,253.0,253.0,6,False,3,,,,,,,
134,mkdocs-code-validator,,code-validator,oprypin/mkdocs-code-validator,mkdocs-code-validator,['plugin'],quality,https://github.com/oprypin/mkdocs-code-validator,https://github.com/oprypin/mkdocs-code-validator,MIT,2021-03-30 19:03:22,2022-09-18 13:36:01,2022-09-18 13:27:05,23.0,5.0,,2.0,,,,1.0,,,,Checks Markdown code blocks in a MkDocs site against user-defined actions.,,,,https://pypi.org/project/mkdocs-code-validator,137.0,137.0,6,False,3,,,,,,,
135,codeyaml,,codeyaml,textileio/mkdocs-codeyaml-plugin,mkdocs-codeyaml-plugin,['plugin'],code-exec-templating,https://github.com/textileio/mkdocs-codeyaml-plugin,https://github.com/textileio/mkdocs-codeyaml-plugin,MIT,2019-04-30 19:39:34,2019-04-30 22:11:50,2019-04-30 22:11:44,3.0,,1.0,3.0,,1.0,,,,,,Allows for more than one yaml config in mkdocs.,,,,https://pypi.org/project/mkdocs-codeyaml-plugin,28.0,28.0,6,True,3,,,,,,,
136,select-files,,select-files,supcik/mkdocs-select-files,mkdocs-select-files,['plugin'],nav-pages,https://github.com/supcik/mkdocs-select-files,https://github.com/supcik/mkdocs-select-files,Apache-2.0,2019-09-04 22:26:31,2019-09-05 06:59:51,2019-09-05 06:58:14,8.0,,,1.0,,,,,,,,Filter pages for assignments.,7.0,7.0,,https://pypi.org/project/mkdocs-select-files,59.0,59.0,6,True,3,,,,,,,
137,pico-8,,pico-8,fmaida/pico8-mkdocs-plugin,pico8-mkdocs-plugin,['plugin'],other,https://github.com/fmaida/pico8-mkdocs-plugin,https://github.com/fmaida/pico8-mkdocs-plugin,MIT,2019-03-16 17:43:48,2019-03-17 11:49:29,2019-03-17 11:49:24,5.0,,,2.0,,,,,,,,A MKDocs plugin that allows to embed a Pico-8 web player in a page.,1.0,1.0,,https://pypi.org/project/pico8-mkdocs-plugin,238.0,238.0,6,True,3,,,,,,,
138,docSkimmer,docskimmer,,hfagerlund/mkdocs-docskimmer,,['theme'],theming,https://github.com/hfagerlund/mkdocs-docskimmer,https://github.com/hfagerlund/mkdocs-docskimmer,,2017-06-13 00:33:55,2018-10-11 17:51:01,2018-10-11 17:38:42,23.0,,,1.0,6.0,,10.0,15.0,2018-10-11 17:53:21,0.4.0,7.0,"An accessible, skimmable theme for MkDocs.",,,,,,,5,False,3,,,,,,,
139,doxygen,,doxygen,pieterdavid/mkdocs-doxygen-plugin,,['plugin'],api-docs,https://github.com/pieterdavid/mkdocs-doxygen-plugin,https://github.com/pieterdavid/mkdocs-doxygen-plugin,MIT,2018-08-06 19:41:31,2020-12-04 15:20:33,2020-12-04 15:20:32,9.0,,3.0,2.0,2.0,1.0,,10.0,,,,A Doxygen plugin for MkDocs.,,,3.0,,,,5,False,3,,,,,,,
140,mkdocs-theme-topdf,topdf,,kuri65536/mkdocs-theme-topdf,mkdocs-theme-topdf,['theme'],theming,https://github.com/kuri65536/mkdocs-theme-topdf,https://github.com/kuri65536/mkdocs-theme-topdf,MPL-2.0,2019-12-23 06:20:31,2021-12-08 23:42:59,2021-06-26 00:34:41,122.0,,,1.0,,,1.0,7.0,,,,A mkdocs theme for create PDF and printing with paged.js.,2.0,2.0,,https://pypi.org/project/mkdocs-theme-topdf,31.0,31.0,5,False,3,,,,,,,
141,markdownwavedrom,,markdownwavedrom,kuri65536/mkdocs-wavedrom-plugin,mkdocs-wavedrom-plugin,['plugin'],charts,https://github.com/kuri65536/mkdocs-wavedrom-plugin,https://github.com/kuri65536/mkdocs-wavedrom-plugin,MPL-2.0,2019-06-27 22:32:34,2021-08-02 16:08:15,2021-06-26 00:35:03,13.0,,1.0,,1.0,1.0,2.0,6.0,,,,A MkDocs plugin for support wavedrom charts in markdown file.,2.0,2.0,,https://pypi.org/project/mkdocs-wavedrom-plugin,38.0,38.0,5,False,3,,,,,,,
142,nbconvert,,nbconvert,tanbro/mkdocs-nbconvert,mkdocs-nbconvert,['plugin'],code-exec-templating,https://github.com/tanbro/mkdocs-nbconvert,https://github.com/tanbro/mkdocs-nbconvert,BSD-2-Clause,2019-08-05 11:11:23,2022-04-18 04:30:15,2022-04-18 04:27:15,55.0,,1.0,2.0,1.0,,1.0,5.0,,,,A MkDocs plug-in provides a source parser for *.ipynb files.,,,4.0,https://pypi.org/project/mkdocs-nbconvert,41.0,41.0,5,False,3,,,,,,,
143,awesome-list,,awesome-list,carlosperate/mkdocs-awesome-list-plugin,,['plugin'],nav-pages,https://github.com/carlosperate/mkdocs-awesome-list-plugin,https://github.com/carlosperate/mkdocs-awesome-list-plugin,MIT,2019-07-25 19:23:15,2019-07-26 00:31:07,2019-07-26 00:30:58,4.0,,,,,,,4.0,,,,MkDocs Plugin to inject social media cards for each entry in an awesome-list.,,,,,,,5,False,3,,,,,,,
144,Moonstone,moonstone,,byrnereese/mkdocs-moonstone,mkdocs-moonstone,['theme'],theming,https://github.com/byrnereese/mkdocs-moonstone,https://github.com/byrnereese/mkdocs-moonstone,,2019-02-14 08:53:35,2021-06-15 21:16:30,2021-06-15 21:15:45,28.0,,1.0,1.0,,,,4.0,,,,A documentation theme for mkdocs.,7.0,7.0,,https://pypi.org/project/mkdocs-moonstone,93.0,93.0,5,False,3,,,,,,,
145,Nature,nature,,waylan/mkdocs-nature,mkdocs-nature,['theme'],theming,https://github.com/waylan/mkdocs-nature,https://github.com/waylan/mkdocs-nature,,2017-03-13 02:45:21,2020-04-09 13:50:30,2020-04-09 13:47:49,32.0,,1.0,2.0,3.0,,,3.0,,,,A MkDocs theme.,29.0,29.0,2.0,https://pypi.org/project/mkdocs-nature,145.0,145.0,5,False,3,,,,,,,
146,mkdocs_protobuf,,mkdocs_protobuf,rymurr/mkdocs-protobuf,mkdocs_protobuf,['plugin'],code-exec-templating,https://github.com/rymurr/mkdocs-protobuf,https://github.com/rymurr/mkdocs-protobuf,Apache-2,2021-09-11 10:16:54,2022-09-13 13:33:15,2022-03-30 11:31:58,19.0,,1.0,1.0,1.0,1.0,,2.0,,,,Mkdocs plugin to render protobuf messages.,,,2.0,https://pypi.org/project/mkdocs_protobuf,160.0,160.0,5,False,3,,,,,,,
147,mkpatcher,,,ofek/mkpatcher,mkpatcher,['markdown'],markdown,https://github.com/ofek/mkpatcher,https://github.com/ofek/mkpatcher,Apache-2.0,2020-04-26 18:13:51,2020-04-26 19:19:50,2020-04-26 19:19:45,5.0,,,2.0,,,,2.0,,,,Python-Markdown extension allowing arbitrary scripts to modify MkDocs input files.,2.0,2.0,,https://pypi.org/project/mkpatcher,826.0,826.0,5,False,3,,mkpatcher,,,,,
148,markdown-figcap,,,funk1d/markdown-figcap,markdown-figcap,['markdown'],charts,https://github.com/funk1d/markdown-figcap,https://github.com/funk1d/markdown-figcap,BSD-3-Clause,2019-03-09 03:35:44,2019-03-09 03:35:45,2019-03-09 04:36:51,2.0,,,,,,,1.0,,,,Extension for Python-Markdown to handle figure and figcaption.,3.0,3.0,,https://pypi.org/project/markdown-figcap,58.0,58.0,5,False,3,,markdown_figcap,,,,,
149,mkdocs-codecheck,,,byrnereese/codechecker-mkdocs,mkdocs-codecheck,[],quality,https://github.com/byrnereese/codechecker-mkdocs,https://github.com/byrnereese/codechecker-mkdocs,MIT,2021-08-24 18:05:47,2021-12-16 19:26:31,2021-12-16 19:26:10,86.0,,,2.0,1.0,1.0,,1.0,,,,"Traverses a directory tree looking for code samples, then attempts to validate each code sample found.",,,6.0,https://pypi.org/project/mkdocs-codecheck,43.0,43.0,5,False,3,,,,,,,
150,multiple,,multiple,experimaestro/mkdocs-multiple,mkdocs-multiple,['plugin'],site-management,https://github.com/experimaestro/mkdocs-multiple,https://github.com/experimaestro/mkdocs-multiple,GPL-3.0,2019-02-27 10:51:22,2019-11-22 09:07:18,2019-11-22 09:06:06,5.0,,,2.0,,1.0,,1.0,,,,Allows to merge mkdocs documentations dynamically.,,,,https://pypi.org/project/mkdocs-multiple,1228.0,1228.0,5,False,3,,,,,,,
151,git-latest-release,,git-latest-release,agarthetiger/mkdocs_latest_release_plugin,mkdocs-latest-release-plugin,['plugin'],git-info,https://github.com/agarthetiger/mkdocs_latest_release_plugin,https://github.com/agarthetiger/mkdocs_latest_release_plugin,GPL-3.0,2019-03-18 22:07:47,2021-06-01 23:29:29,2019-12-29 08:46:29,5.0,,,1.0,8.0,,,,,,,Plugin for MKDocs to inject the latest release tag from git into markdown.,,,3.0,https://pypi.org/project/mkdocs-latest-release-plugin,572.0,572.0,5,True,3,,,,,,,
152,mkdocs-rtl,,,mberneti/mkdocs-rtl,,[],theming,https://github.com/mberneti/mkdocs-rtl,https://github.com/mberneti/mkdocs-rtl,MIT,2017-10-16 10:32:15,2021-03-26 00:09:07,2017-10-22 11:51:15,9.0,,5.0,2.0,2.0,1.0,1.0,22.0,,,,mkdocs rtl theme based on mkdocs-material.,,,2.0,,,,4,False,3,,,,,,,
153,markdown-del-ins,,,honzajavorek/markdown-del-ins,markdown-del-ins,['markdown'],markdown,https://github.com/honzajavorek/markdown-del-ins,https://github.com/honzajavorek/markdown-del-ins,,2020-01-09 09:02:25,2020-01-09 10:45:06,2020-01-09 10:44:59,10.0,,,,,1.0,,8.0,,,,Markdown extension to support the del and ins tags.,,,2.0,https://pypi.org/project/markdown-del-ins,177.0,177.0,4,False,3,,markdown_del_ins,,,,,
154,alternate-link,,alternate-link,cmitu/mkdocs-altlink-plugin,,['plugin'],links-refs,https://github.com/cmitu/mkdocs-altlink-plugin,https://github.com/cmitu/mkdocs-altlink-plugin,MIT,2020-01-08 21:31:28,2022-07-13 17:28:57,2021-02-14 13:54:59,14.0,,2.0,2.0,3.0,,1.0,4.0,,,,An MkDocs plugin that simplifies internal links creation.,,,3.0,,,,4,False,3,,,,,,,
155,jinja2sandbox,,jinja2sandbox,rkoe/mkdocs-jinja2sandbox,,['plugin'],code-exec-templating,https://github.com/rkoe/mkdocs-jinja2sandbox,https://github.com/rkoe/mkdocs-jinja2sandbox,MIT,2019-03-20 22:53:53,2019-03-20 23:06:19,2019-03-20 23:06:18,3.0,,,2.0,,,,3.0,,,,A MkDocs plugin that enables the Jinja2-sandbox.,,,,,,,4,False,3,,,,,,,
156,mkdocs-new-features-notifier,,mkdocs-new-features-notifier,kevin-411/mkdocs-new-features-notifier,mkdocs-new-features-notifier,['plugin'],site-management,https://github.com/kevin-411/mkdocs-new-features-notifier,https://github.com/kevin-411/mkdocs-new-features-notifier,MIT,2019-11-27 07:15:17,2020-01-15 10:40:10,2020-01-15 10:13:44,17.0,,1.0,2.0,,,,2.0,,,,This plugin enables you to notify users of new features in your product. It does this by identifying new documentation..,,,2.0,https://pypi.org/project/mkdocs-new-features-notifier,291.0,291.0,4,False,3,,,,,,,
157,thumbnails,,thumbnails,normanlorrain/mkdocs-thumbnails,mkdocs-thumbnails,['plugin'],other,https://github.com/normanlorrain/mkdocs-thumbnails,https://github.com/normanlorrain/mkdocs-thumbnails,MIT,2021-04-19 16:01:11,2021-06-01 20:41:03,2021-06-01 20:40:56,35.0,,,1.0,,1.0,1.0,2.0,,,,MkDocs plugin for thumbnail images generated automatically.,,,,https://pypi.org/project/mkdocs-thumbnails,121.0,121.0,4,False,3,,,,,,,
158,mkdocs-title-casing-plugin,,title-casing,Rusty3141/mkdocs-title-casing-plugin,mkdocs-title-casing-plugin,['plugin'],nav-pages,https://github.com/Rusty3141/mkdocs-title-casing-plugin,https://github.com/Rusty3141/mkdocs-title-casing-plugin,GPL-3.0,2021-09-04 16:33:06,2021-09-05 10:33:50,2021-09-05 10:29:04,7.0,,,1.0,,,,1.0,2021-09-05 10:30:43,0.2.0,1.0,A lightweight mkdocs plugin to add title casing to all mkdocs pages and sections.,,,,https://pypi.org/project/mkdocs-title-casing-plugin,28.0,28.0,4,False,3,,,,,,,
159,GitHub,github,,g3xx/mkdocs-Github,mkdocs-github,['theme'],theming,https://github.com/g3xx/mkdocs-Github,https://github.com/g3xx/mkdocs-Github,MIT,2020-02-25 04:04:58,2020-02-25 09:13:04,2020-02-25 09:12:44,9.0,,,2.0,,,,1.0,,,,Theme Mkdocs Like a Github. DEMO =.,2.0,2.0,,https://pypi.org/project/mkdocs-github,51.0,51.0,4,False,3,,,,,,,
160,linkpatcher-plugin,,linkpatcher-plugin,sekikawattt/mkdocs-linkpatcher-plugin,,['plugin'],links-refs,https://github.com/sekikawattt/mkdocs-linkpatcher-plugin,https://github.com/sekikawattt/mkdocs-linkpatcher-plugin,MIT,2018-03-13 14:45:50,2018-03-14 15:47:27,2018-03-14 15:31:29,7.0,,,,,,,,,,,a mkdocs plugin sets links semiautomatically.,,,2.0,,,,4,False,3,,,,,,,
161,mkdocs-copy,,copy,chikamichi/mkdocs-copy,mkdocs-copy,['plugin'],nav-pages,https://github.com/chikamichi/mkdocs-copy,https://github.com/chikamichi/mkdocs-copy,MIT,2021-09-11 17:22:19,2021-09-21 14:19:26,2021-09-21 14:19:26,2.0,,,1.0,,1.0,,,,,1.0,A MkDocs plugin that lets you copy (and maybe transform) arbitrary doc files to the build.,,,,https://pypi.org/project/mkdocs-copy,29.0,29.0,4,False,3,1.0,,,,,,
162,blog,,blog,andyoakley/mkdocs-blog,,['plugin'],blogging,https://github.com/andyoakley/mkdocs-blog,https://github.com/andyoakley/mkdocs-blog,,2018-02-09 06:12:17,2022-01-21 04:42:09,2020-11-02 21:52:20,17.0,,8.0,1.0,3.0,4.0,,15.0,,,,Blogging in mkdocs.,,,,,,,3,False,3,,,,,,,
163,autoreflinks,,autoreflinks,pauloue/mkdocs-autoreflinks-plugin,,['plugin'],links-refs,https://github.com/p-ouellette/mkdocs-autoreflinks-plugin,https://github.com/p-ouellette/mkdocs-autoreflinks-plugin,0BSD,2019-08-25 18:43:10,2021-02-13 22:17:31,2021-02-13 22:14:37,3.0,,,1.0,,,3.0,5.0,,,,An MkDocs plugin that auto-links heading references.,,,,,,,3,False,3,,,,,p-ouellette/mkdocs-autoreflinks-plugin,,
164,sequence-js,,sequence-js,fcannizzaro/mkdocs-sequence-js-plugin,,['plugin'],charts,https://github.com/fcannizzaro/mkdocs-sequence-js-plugin,https://github.com/fcannizzaro/mkdocs-sequence-js-plugin,MIT,2019-11-06 22:44:12,2020-02-28 16:45:04,2020-02-28 16:43:34,11.0,,1.0,2.0,,1.0,2.0,4.0,,,,MkDocs plugin to render sequence.js blocks.,,,,,,,3,False,3,,,,,,,
165,factsheet,,factsheet,inuits/mkdocs-factsheet,,['plugin'],integrations,https://github.com/inuits/mkdocs-factsheet,https://github.com/inuits/mkdocs-factsheet,MIT,2018-07-31 10:32:59,2019-12-05 10:10:40,2019-12-05 10:10:37,8.0,,1.0,20.0,1.0,,1.0,2.0,,,,"Generate overviews from YAML descriptions, intended for micro-services and their deployments.",,,3.0,,,,3,False,3,,,,,,,
166,schema-reader,,schema_reader,magicaljellybeans/mkdocs_schema_reader,mkdocs-schema-reader,['plugin'],nav-pages,https://github.com/magicaljellybeans/mkdocs_schema_reader,https://github.com/magicaljellybeans/mkdocs_schema_reader,MIT,2020-12-07 16:39:34,2022-04-17 15:03:06,2021-06-23 16:04:58,16.0,,2.0,1.0,2.0,2.0,1.0,2.0,,,1.0,"A mkdocs plugin that scans specified directories and files for JSON Schema files, converts them to markdown and builds..",,,2.0,https://pypi.org/project/mkdocs-schema-reader,195.0,195.0,3,False,3,,,,,,,
167,python-mkblog,,mkblog,derJD/python-mkblog,mkblog,['plugin'],blogging,https://github.com/derJD/python-mkblog,https://github.com/derJD/python-mkblog,MIT,2021-03-19 12:48:35,2021-04-14 14:46:30,2021-04-14 14:44:42,20.0,,1.0,2.0,,,,1.0,,,,This is a MkDocs Plugin adding basic blogging functionality by parsing a `blog` directory ontop of your usual `docs`..,,,2.0,https://pypi.org/project/mkblog,38.0,38.0,3,False,3,,,,,,,
168,helm,,helm-repo,M00nF1sh/mkdocs-helm,mkdocs-helm,['plugin'],site-conversion,https://github.com/M00nF1sh/mkdocs-helm,https://github.com/M00nF1sh/mkdocs-helm,Apache-2.0,2018-11-19 23:21:08,2021-08-11 10:10:01,2018-11-21 02:32:03,2.0,,1.0,1.0,3.0,,,1.0,,,,An mkdocs plugin that turns docs website into helm repository.,,,,https://pypi.org/project/mkdocs-helm,22.0,22.0,3,False,3,,,,,,,
169,MkDocs Graphviz,,,,mkdocs-graphviz,['markdown'],charts,,,,,,,,,,,,,,,,,,,,,,https://pypi.org/project/mkdocs-graphviz,2785.0,2785.0,3,False,3,,mkdocs_graphviz,,,,rodrigo.schwencke/mkdocs-graphviz,
170,docstyler,,docstyler,hfagerlund/mkdocs-docstyler-plugin,,['plugin'],html-css,https://github.com/hfagerlund/mkdocs-docstyler-plugin,https://github.com/hfagerlund/mkdocs-docstyler-plugin,BSD-3-Clause,2019-02-10 21:05:18,2019-02-17 04:17:30,2019-02-16 01:29:25,2.0,,,1.0,,,,,,,,Plugin to add alternative stylesheets to MkDocs custom themes.,,,,,,,3,False,3,,,,,,,
171,Inspired,inspired,,rnason/mkdocs-inspired,mkdocs-inspired,['theme'],theming,https://github.com/rnason/MKDocs-Inspired,https://github.com/rnason/MKDocs-Inspired,MIT,2016-07-18 21:33:32,2016-07-19 00:00:19,2016-07-18 23:59:56,2.0,,,2.0,,,,,,,,Mkdocs mobile responsive theme with slider navigation inspired by bootswatch flatly.,2.0,2.0,,https://pypi.org/project/mkdocs-inspired,20.0,20.0,3,False,3,,,,,,,
172,Cluster,cluster,,,mkdocs-cluster,['theme'],theming,,https://gitlab.com/kaliko/mkdocs-cluster,,2016-06-02 15:03:33,2016-06-02 15:03:33,,,,1.0,,,,1.0,4.0,,,0.0,Another bootstrap theme for MkDocs.,,,,https://pypi.org/project/mkdocs-cluster,148.0,148.0,2,False,3,,,,,,kaliko/mkdocs-cluster,https://gitlab.com/kaliko/mkdocs-cluster
173,mkdocs-yaarg-plugin,,yaarg,g6123/mkdocs-yaarg-plugin,mkdocs-yaarg-plugin,['plugin'],api-docs,https://github.com/g6123/mkdocs-yaarg-plugin,https://github.com/g6123/mkdocs-yaarg-plugin,,2021-02-27 18:13:10,2021-03-14 14:58:43,2021-03-14 14:58:01,18.0,,,1.0,1.0,,,2.0,2021-03-14 14:59:09,0.0.1a5,1.0,Yet Another API Reference Generator plugin for MKDocs.,,,,https://pypi.org/project/mkdocs-yaarg-plugin,61.0,61.0,2,False,3,,,,,,,
174,emailprotect,,emailprotect,rkoe/mkdocs-emailprotect,,['plugin'],links-refs,https://github.com/rkoe/mkdocs-emailprotect,https://github.com/rkoe/mkdocs-emailprotect,MIT,2020-01-07 21:52:50,2020-01-21 00:13:01,2020-01-21 00:13:00,4.0,,,2.0,,,1.0,1.0,,,,A MkDocs plugin that tries to obscure email-addresses from address-harvesting spam-bots.,,,,,,,2,False,3,,,,,,,
175,MkHack3rs,,,,,['project'],charts,,https://eskool.gitlab.io/mkhack3rs/,,2021-05-01 11:44:57,2021-05-01 11:44:57,,,,1.0,,,,,,,,0.0,Hacks & Integrations for Mkdocs / Material Theme.,,,,,,,2,False,3,,,,,,eskool/mkhack3rs,https://gitlab.com/eskool/mkhack3rs
176,pagenav-generator,,pagenav-generator,Andre601/mkdocs-pagenav-generator,,['plugin'],nav-pages,https://github.com/Andre601/mkdocs-pagenav-generator,https://github.com/Andre601/mkdocs-pagenav-generator,MIT,2021-02-22 23:26:06,2022-04-17 15:52:15,2022-04-17 15:52:15,17.0,,1.0,2.0,1.0,,1.0,1.0,,,,Little something to automatically generate a Navigation within a page itself. Depends on Awesome-pages.,,,2.0,,,,1,False,3,,,,,,,
177,filename-title,,filename_title,mipro98/mkdocs-filename-title-plugin,,['plugin'],nav-pages,https://github.com/mipro98/mkdocs-filename-title-plugin,https://github.com/mipro98/mkdocs-filename-title-plugin,AGPL-3.0,2020-04-25 08:37:18,2020-04-25 09:54:42,2020-04-25 09:54:34,2.0,,1.0,2.0,,,,1.0,,,,A mkdocs plugin which lets you use filenames as page tiltles.,,,,,,,1,False,3,,,,,,,
178,mkdocs-autozip,,autozip,martinohanlon/mkdocs_autozip,mkdocs-autozip,['plugin'],site-conversion,https://github.com/martinohanlon/mkdocs_autozip,https://github.com/martinohanlon/mkdocs_autozip,,2020-08-12 14:55:13,2020-11-04 15:56:56,2020-11-04 15:56:40,9.0,,,1.0,,,1.0,1.0,,,,A mkdocs plugin for auto zipping the document source.,,,,https://pypi.org/project/mkdocs-autozip,41.0,41.0,1,False,3,,,,,,,
179,ansible-document,,,,ansible-mkdocs,[],api-docs,,,,,,,,,,,,,,,,,,Auto-generate ansible role documentation.,,,,https://pypi.org/project/ansible-mkdocs,33.0,33.0,1,False,3,,,,,,,
180,Mkdocs translations plugin,,translations,,mkdocs-translations,['plugin'],i18n-l10n,,,,,,,,,,,,,,,,,,Internationalization plugin for mkdocs.,,,,https://pypi.org/project/mkdocs-translations,26.0,26.0,1,False,3,,,,,,,
181,mkdocs-pug,,,vzhong/mkdocs_pug,mkdocs-pug,[],nav-pages,https://github.com/vzhong/mkdocs_pug,https://github.com/vzhong/mkdocs_pug,,2021-10-20 07:17:04,2021-10-20 08:15:06,2021-10-20 08:15:04,2.0,,,2.0,,1.0,,,,,,Use pug templates with your mkdocs template.,,,,https://pypi.org/project/mkdocs-pug,19.0,19.0,1,False,3,,,,,,,
